spec_id,family,cohorts,worst_w12,p5_w12,worst_w24,p5_w24,median_w24,dual_target_rate,nonoverlap_blocks,nonoverlap_dual_passes,max_drawdown,unexecutable_rate,fees,turnover,funds_insufficient,lot_rounding,suspension_or_missing_price,asset_identity_passed,passes_targets,strict_candidate,evidence_tier
HE-e2_relative_absolute-000,e2_relative_absolute,124,292577.4862500001,307010.3356555002,548553.6074100002,589889.304146,782681.7283300001,0.06451612903225806,6,0,0.29791138613498835,0.5473684210526316,50055.98649,71450712.60000001,7789,317,0,True,False,False,free_real_approx_vendor_159915_official_SSE_others
HE-e2_relative_absolute-001,e2_relative_absolute,124,317976.7581799999,325843.93732499995,620013.41601,627976.2413525002,728441.954855,0.008064516129032258,6,0,0.4685178370652322,0.5294117647058824,10348.63004,14783757.200000001,1863,71,0,True,False,False,free_real_approx_vendor_159915_official_SSE_others
HE-e2_relative_absolute-002,e2_relative_absolute,124,270472.40648000006,293259.82462749997,504519.58940999996,570891.4927620001,743975.8617150001,0.04838709677419355,6,0,0.53286300913162,0.5299145299145299,41173.44905000001,58734471.8,11846,501,0,True,False,False,free_real_approx_vendor_159915_official_SSE_others
HE-e2_relative_absolute-003,e2_relative_absolute,124,272766.4215599999,292600.54828749987,520014.63681000005,583835.747435,716249.1680199997,0.0,6,0,0.47035191655571695,0.5757575757575758,8929.064410000003,12755806.300000003,3031,125,0,True,False,False,free_real_approx_vendor_159915_official_SSE_others
HE-e2_relative_absolute-004,e2_relative_absolute,124,304483.3648,323157.508789,578061.41171,615337.2870559999,785091.0216124001,0.06451612903225806,6,0,0.2484350561179519,0.5869565217391305,48689.81925,69497806.69999999,7196,303,0,True,False,False,free_real_approx_vendor_159915_official_SSE_others
HE-e2_relative_absolute-005,e2_relative_absolute,124,307381.4431800001,326560.4277681,604110.4489959999,620624.2311126002,743404.48128,0.0,6,0,0.4600020187628687,0.5882352941176471,9107.90706,13011295.8,1907,74,0,True,False,False,free_real_approx_vendor_159915_official_SSE_others
HE-e2_relative_absolute-006,e2_relative_absolute,124,279643.92598000006,299198.386104,522576.4206899999,589242.2384839997,747288.1133500001,0.056451612903225805,6,0,0.49096551572160707,0.5420560747663551,42711.96270999999,60922944.800000004,11683,501,0,True,False,False,free_real_approx_vendor_159915_official_SSE_others
HE-e2_relative_absolute-007,e2_relative_absolute,124,272766.4215599999,298655.311047,526072.82589,592851.42042504,716093.2162899997,0.0,6,0,0.4707125483547945,0.6129032258064516,8503.07654,12147252.2,2967,125,0,True,False,False,free_real_approx_vendor_159915_official_SSE_others
HE-e2_relative_absolute-008,e2_relative_absolute,124,304468.99416,315758.86895000003,559155.6652400002,584151.9317445001,720410.3753500002,0.03225806451612903,6,0,0.5076219669843166,0.5512820512820513,38643.869020000006,55126135.400000006,7052,308,0,True,False,False,free_real_approx_vendor_159915_official_SSE_others
HE-e2_relative_absolute-009,e2_relative_absolute,124,297724.86831000005,312323.81915,592607.33007,603920.0683574999,710635.440835,0.0,6,0,0.45967653089899096,0.625,8990.49123,12843558.900000002,1645,74,0,True,False,False,free_real_approx_vendor_159915_official_SSE_others
HE-e2_relative_absolute-010,e2_relative_absolute,124,273472.1740600001,297867.1683445,509429.94918000005,582685.3252775001,729741.4705499999,0.056451612903225805,6,0,0.5412104954415784,0.5632183908045977,47448.81771,67686760.1,11533,501,0,True,False,False,free_real_approx_vendor_159915_official_SSE_others
HE-e2_relative_absolute-011,e2_relative_absolute,124,258334.56878999993,297464.024953,517183.79105,589939.740574,716296.1702149997,0.0,6,0,0.4707125483547945,0.6129032258064516,8379.880180000002,11971257.4,2924,125,0,True,False,False,free_real_approx_vendor_159915_official_SSE_others
HE-e2_relative_absolute-012,e2_relative_absolute,124,289320.27778,300540.6819450001,536194.3793700001,585865.3475860001,699492.4507300002,0.0,6,0,0.2652493455743764,0.5368421052631579,18032.557510000002,25705962.799999997,7723,317,0,True,False,False,free_real_approx_vendor_159915_official_SSE_others
HE-e2_relative_absolute-013,e2_relative_absolute,124,318743.11522000004,327504.85237649997,617571.0429200002,632272.8189679998,732134.6496549998,0.008064516129032258,6,0,0.4797325758201314,0.7,5394.60887,7706584.1,1877,71,0,True,False,False,free_real_approx_vendor_159915_official_SSE_others
HE-e2_relative_absolute-014,e2_relative_absolute,124,255705.10011,279862.7463895,491635.93924000004,557975.9376539998,687737.5656749998,0.0,6,0,0.5187241269559242,0.5263157894736842,19093.4795,27170691.5,11722,501,0,True,False,False,free_real_approx_vendor_159915_official_SSE_others
HE-e2_relative_absolute-015,e2_relative_absolute,124,278922.6367,293868.159351,521752.06468,581762.1819585,728086.5952249998,0.0,6,0,0.4818605693409639,0.6785714285714286,6867.70497,9811007.100000001,3045,125,0,True,False,False,free_real_approx_vendor_159915_official_SSE_others
HE-e2_relative_absolute-016,e2_relative_absolute,124,300843.7457499999,308588.2141265,569051.8675499998,586328.8019595,739407.35817,0.0,6,0,0.2677232907830758,0.5777777777777777,13011.195450000001,18515264.599999998,6951,303,0,True,False,False,free_real_approx_vendor_159915_official_SSE_others
HE-e2_relative_absolute-017,e2_relative_absolute,124,289631.3553400001,321659.22698000004,581817.7992899999,600423.8909635001,743524.8736350001,0.0,6,0,0.48112887810169624,0.7894736842105263,5559.550429999999,7942214.9,1843,74,0,True,False,False,free_real_approx_vendor_159915_official_SSE_others
HE-e2_relative_absolute-018,e2_relative_absolute,124,269846.4099100001,284455.194951,517585.9611800001,568766.8894405001,700916.5528300002,0.008064516129032258,6,0,0.47434397748381474,0.532608695652174,13502.29755,19227518.3,11412,501,0,True,False,False,free_real_approx_vendor_159915_official_SSE_others
HE-e2_relative_absolute-019,e2_relative_absolute,124,272424.83882,294745.4492605,527815.58669,575666.4660940001,718023.1236099999,0.0,6,0,0.4812868660016175,0.6785714285714286,6624.17539,9463107.7,2897,125,0,True,False,False,free_real_approx_vendor_159915_official_SSE_others
HE-e2_relative_absolute-020,e2_relative_absolute,124,279242.61869999993,308599.7694375,571122.23126,585922.6536509999,659864.3746499999,0.0,6,0,0.4977428836411424,0.5555555555555556,13762.823429999999,19585462.800000004,6746,308,0,True,False,False,free_real_approx_vendor_159915_official_SSE_others
HE-e2_relative_absolute-021,e2_relative_absolute,124,294407.5315300001,314316.239151,580674.1409500003,599434.4571595001,704522.44791,0.0,6,0,0.48032076733506157,0.7647058823529411,4315.81556,6165450.8,1668,74,0,True,False,False,free_real_approx_vendor_159915_official_SSE_others
HE-e2_relative_absolute-022,e2_relative_absolute,124,256298.13779999994,291441.385049,511019.3843200001,581009.8753350001,697378.6793800001,0.0,6,0,0.5249330658195327,0.5517241379310345,15340.148540000007,21818249.1,11229,501,0,True,False,False,free_real_approx_vendor_159915_official_SSE_others
HE-e2_relative_absolute-023,e2_relative_absolute,124,265279.13782,293748.94919250003,517183.79105,581414.874453,715103.04205,0.0,6,0,0.4810017795787329,0.7037037037037037,5015.621029999999,7165172.9,2913,125,0,True,False,False,free_real_approx_vendor_159915_official_SSE_others
HE-e2_relative_absolute-024,e2_relative_absolute,124,285246.7390199999,304815.6067035001,539706.1186600005,591185.7569490001,715460.137695,0.0,6,0,0.2484616203954748,0.5595238095238095,20583.97833,29349826.199999988,7965,317,0,True,False,False,free_real_approx_vendor_159915_official_SSE_others
HE-e2_relative_absolute-025,e2_relative_absolute,124,311898.28449,325753.83605999994,609413.0951600001,641473.8409660001,802853.0172899999,0.04838709677419355,6,0,0.49733935095243664,0.6086956521739131,18512.776380000003,26446823.4,1837,71,0,True,False,False,free_real_approx_vendor_159915_official_SSE_others
HE-e2_relative_absolute-026,e2_relative_absolute,124,262799.1311899999,282872.83555949986,494643.0270400001,577113.4773025,709271.971845,0.0,6,0,0.5172309989205977,0.5185185185185185,20554.977300000002,29284601.6,12125,501,0,True,False,False,free_real_approx_vendor_159915_official_SSE_others
HE-e2_relative_absolute-027,e2_relative_absolute,124,274855.22067,296256.726405,510995.33041,591055.868043,739428.8310850001,0.056451612903225805,6,0,0.49797943243762877,0.6,20748.2142,29640306.000000004,2899,125,0,True,False,False,free_real_approx_vendor_159915_official_SSE_others
HE-e2_relative_absolute-028,e2_relative_absolute,124,300358.31619,315571.34852199996,594507.0180299996,616214.149304,716274.4872049999,0.0,6,0,0.2704809953333335,0.6022727272727273,13423.650150000001,19126434.3,7240,303,0,True,False,False,free_real_approx_vendor_159915_official_SSE_others
HE-e2_relative_absolute-029,e2_relative_absolute,124,330345.75687,337282.76153599995,631290.6678699999,652416.1507035,780446.6245599999,0.056451612903225805,6,0,0.49308385144274913,0.6666666666666666,18548.877060000003,26498395.799999997,1816,74,0,True,False,False,free_real_approx_vendor_159915_official_SSE_others
HE-e2_relative_absolute-030,e2_relative_absolute,124,272403.47822,286548.298563,530736.8373700001,589849.5850265,714977.9049499999,0.0,6,0,0.483633725646208,0.5764705882352941,13435.567250000004,19134713.7,11743,501,0,True,False,False,free_real_approx_vendor_159915_official_SSE_others
HE-e2_relative_absolute-031,e2_relative_absolute,124,275900.17472,301097.39080500003,532990.97575,602672.626395,742685.8755350001,0.04032258064516129,6,0,0.4972240115886952,0.6071428571428571,22650.29984,32357571.199999996,2789,125,0,True,False,False,free_real_approx_vendor_159915_official_SSE_others
HE-e2_relative_absolute-032,e2_relative_absolute,124,286643.53431999986,310597.83982950007,574388.35442,593582.8034205,674397.8173999998,0.0,6,0,0.45919796662507995,0.5555555555555556,12153.566650000002,17278344.6,7019,308,0,True,False,False,free_real_approx_vendor_159915_official_SSE_others
HE-e2_relative_absolute-033,e2_relative_absolute,124,305839.09034999995,315385.7630135,605374.08908,632143.8052754999,716592.716625,0.04838709677419355,6,0,0.49298755068131805,0.7058823529411765,9655.987669999999,13794268.1,1536,74,0,True,False,False,free_real_approx_vendor_159915_official_SSE_others
HE-e2_relative_absolute-034,e2_relative_absolute,124,265648.47338000004,291440.6492225,514747.3319800002,595100.0867315001,706771.2210349999,0.0,6,0,0.49225873198790515,0.5903614457831325,14866.89579,21128454.2,11520,501,0,True,False,False,free_real_approx_vendor_159915_official_SSE_others
HE-e2_relative_absolute-035,e2_relative_absolute,124,267569.35038,300451.053619,522223.14637000003,600022.466286,736616.2459750001,0.04032258064516129,6,0,0.5066925846197827,0.6666666666666666,15184.746990000001,21692495.7,2796,125,0,True,False,False,free_real_approx_vendor_159915_official_SSE_others
HE-e3_concentrated_rotation-000,e3_concentrated_rotation,124,306783.55632,320732.0781525,605989.12704,643661.9529956597,796487.9153850002,0.08064516129032258,6,0,0.27324390934007337,0.5154639175257731,58234.66513000001,83123069.09999998,8377,339,0,True,False,False,free_real_approx_vendor_159915_official_SSE_others
HE-e3_concentrated_rotation-001,e3_concentrated_rotation,124,320152.3483800001,328658.77882199996,647697.3322499997,658631.5846959999,753419.4966000002,0.008064516129032258,6,0,0.4734013097773262,0.5416666666666666,11975.253569999999,17107505.1,2186,80,0,True,False,False,free_real_approx_vendor_159915_official_SSE_others
HE-e3_concentrated_rotation-002,e3_concentrated_rotation,124,296813.78036000003,304368.31601999997,592102.80518,636979.5902224395,800286.6402050001,0.07258064516129033,6,0,0.4380621511069682,0.47244094488188976,65410.35970000001,93338267.50000001,12163,501,0,True,False,False,free_real_approx_vendor_159915_official_SSE_others
HE-e3_concentrated_rotation-003,e3_concentrated_rotation,124,275337.70678999997,302444.7883645001,576769.8188700001,592678.3453495,754401.6128749999,0.008064516129032258,6,0,0.49483197773608056,0.48717948717948717,14468.59456,20669420.800000004,2925,125,0,True,False,False,free_real_approx_vendor_159915_official_SSE_others
HE-e3_concentrated_rotation-004,e3_concentrated_rotation,124,311369.52014000004,328749.6699810001,623004.0003099998,650134.5275014999,791110.761475,0.08064516129032258,6,0,0.24849328653639857,0.5052631578947369,54298.90274000002,77501528.5,8445,338,0,True,False,False,free_real_approx_vendor_159915_official_SSE_others
HE-e3_concentrated_rotation-005,e3_concentrated_rotation,124,307381.4431800001,333983.70161449997,619286.8162600002,653006.1748471,769644.0115849999,0.0,6,0,0.46133231982135237,0.5217391304347826,10346.603469999998,14780862.100000001,2005,81,0,True,False,False,free_real_approx_vendor_159915_official_SSE_others
HE-e3_concentrated_rotation-006,e3_concentrated_rotation,124,294522.9732100001,314179.4196895,597876.8046799998,631036.9601723996,786962.2560699997,0.07258064516129033,6,0,0.45737867474121774,0.4956521739130435,53490.61080000001,76322242.6,11892,501,0,True,False,False,free_real_approx_vendor_159915_official_SSE_others
HE-e3_concentrated_rotation-007,e3_concentrated_rotation,124,280343.45162999997,305364.05868899997,556935.6738159999,585407.8928910003,783623.6635749999,0.0,6,0,0.5017824582453401,0.4857142857142857,11529.486219999999,16470694.600000003,2825,125,0,True,False,False,free_real_approx_vendor_159915_official_SSE_others
HE-e3_concentrated_rotation-008,e3_concentrated_rotation,124,304966.2299899999,313436.913739,557868.32825,598473.5064994999,734800.4954850003,0.056451612903225805,6,0,0.502531781245454,0.49382716049382713,43417.68601,61945510.1,8329,347,0,True,False,False,free_real_approx_vendor_159915_official_SSE_others
HE-e3_concentrated_rotation-009,e3_concentrated_rotation,124,297724.86831000005,310531.5641825,559738.5809600002,590529.249342,723659.955565,0.0,6,0,0.46082349884789864,0.5,10175.63372,14536619.600000003,2036,86,0,True,False,False,free_real_approx_vendor_159915_official_SSE_others
HE-e3_concentrated_rotation-010,e3_concentrated_rotation,124,293165.35252,304530.34071300004,562405.54078,609203.2932750001,762098.8541300001,0.06451612903225806,6,0,0.5355694503754564,0.5,59530.36156,84941902.70000002,11864,501,0,True,False,False,free_real_approx_vendor_159915_official_SSE_others
HE-e3_concentrated_rotation-011,e3_concentrated_rotation,124,264814.54600999993,297204.8982835,573909.41919,590835.9950384999,743315.2030699998,0.0,6,0,0.5015847690759818,0.5,11532.695230000001,16475278.9,2817,125,0,True,False,False,free_real_approx_vendor_159915_official_SSE_others
HE-e3_concentrated_rotation-012,e3_concentrated_rotation,124,311205.58268999995,322385.4055505,603533.9091200005,640891.3471625001,744975.938135,0.0,6,0,0.2546945492747914,0.5176470588235295,21781.381190000004,31053381.60000001,8503,339,0,True,False,False,free_real_approx_vendor_159915_official_SSE_others
HE-e3_concentrated_rotation-013,e3_concentrated_rotation,124,330523.4332,337740.58564,656305.17741,666594.7581999998,742762.2459249999,0.0,6,0,0.48242351962655616,0.7142857142857143,6733.756469999999,9619652.1,2104,80,0,True,False,False,free_real_approx_vendor_159915_official_SSE_others
HE-e3_concentrated_rotation-014,e3_concentrated_rotation,124,291491.12044999993,306389.61853050004,589259.0748400002,621169.0004274998,753449.58171,0.0,6,0,0.43570522666693867,0.4954954954954955,23697.952020000004,33730780.19999999,12140,501,0,True,False,False,free_real_approx_vendor_159915_official_SSE_others
HE-e3_concentrated_rotation-015,e3_concentrated_rotation,124,282448.60818999994,307402.63326150004,577653.2786200002,595314.8509990001,743070.1829399999,0.0,6,0,0.49351161274780353,0.5757575757575758,9350.92991,13358471.3,2869,125,0,True,False,False,free_real_approx_vendor_159915_official_SSE_others
HE-e3_concentrated_rotation-016,e3_concentrated_rotation,124,298302.6534600001,313277.89914550004,595425.8781999998,612041.0869325001,729034.74862,0.0,6,0,0.2677232907830758,0.5595238095238095,15601.733,22224849.699999996,8308,338,0,True,False,False,free_real_approx_vendor_159915_official_SSE_others
HE-e3_concentrated_rotation-017,e3_concentrated_rotation,124,289631.3553400001,329527.78067000007,584721.2195800004,629522.9227405003,731735.50444,0.0,6,0,0.4801346496703638,0.7,6340.20615,9052937.7,2009,81,0,True,False,False,free_real_approx_vendor_159915_official_SSE_others
HE-e3_concentrated_rotation-018,e3_concentrated_rotation,124,254872.63980999994,293662.99169900006,507917.4650299998,551243.5655054997,742911.8867249996,0.0,6,0,0.45555901036539526,0.5416666666666666,16368.307750000004,23300728.000000004,11829,501,0,True,False,False,free_real_approx_vendor_159915_official_SSE_others
HE-e3_concentrated_rotation-019,e3_concentrated_rotation,124,280286.85785,292862.9115040001,526449.3110500003,557292.848101,730668.7269449999,0.0,6,0,0.4944167910217394,0.5862068965517241,7106.713809999999,10152448.299999999,2823,125,0,True,False,False,free_real_approx_vendor_159915_official_SSE_others
HE-e3_concentrated_rotation-020,e3_concentrated_rotation,124,275801.4611399999,302247.18802899984,560856.41713,585904.1772815,678149.960185,0.0,6,0,0.4979410746242181,0.5733333333333334,13243.554720000002,18834991.400000002,8187,347,0,True,False,False,free_real_approx_vendor_159915_official_SSE_others
HE-e3_concentrated_rotation-021,e3_concentrated_rotation,124,294407.5315300001,312770.991335,573386.0687600002,592095.8500015,699361.7273500002,0.0,6,0,0.47930010916821997,0.6666666666666666,6750.360299999999,9638872.2,2058,86,0,True,False,False,free_real_approx_vendor_159915_official_SSE_others
HE-e3_concentrated_rotation-022,e3_concentrated_rotation,124,265321.42616000003,299067.3638444999,578141.1374199998,602426.9777655001,719085.93474,0.0,6,0,0.5321913795160773,0.5346534653465347,17393.330580000005,24741953.0,11695,501,0,True,False,False,free_real_approx_vendor_159915_official_SSE_others
HE-e3_concentrated_rotation-023,e3_concentrated_rotation,124,271737.06483999995,296229.98339699995,552641.01765,583444.6533489998,722038.1071949999,0.0,6,0,0.4937139472266924,0.5806451612903226,5867.70934,8374824.200000001,2855,125,0,True,False,False,free_real_approx_vendor_159915_official_SSE_others
HE-e3_concentrated_rotation-024,e3_concentrated_rotation,124,303117.0574500001,319934.6547225001,588660.6628000003,623641.2020015002,752184.69588,0.0,6,0,0.24396349087375024,0.5365853658536586,18911.248440000003,26942808.69999999,8604,339,0,True,False,False,free_real_approx_vendor_159915_official_SSE_others
HE-e3_concentrated_rotation-025,e3_concentrated_rotation,124,319835.89811000007,329262.92223500006,641416.7606399999,659685.5011384997,764669.5901800002,0.0,6,0,0.47958048884605486,0.5833333333333334,8389.87926,11985541.799999999,2127,80,0,True,False,False,free_real_approx_vendor_159915_official_SSE_others
HE-e3_concentrated_rotation-026,e3_concentrated_rotation,124,284679.4048100001,305572.83510200004,585119.9761800006,613009.3254185002,741306.555505,0.0,6,0,0.43411925430203524,0.5098039215686274,23055.805910000003,32834525.200000007,12166,501,0,True,False,False,free_real_approx_vendor_159915_official_SSE_others
HE-e3_concentrated_rotation-027,e3_concentrated_rotation,124,277481.68625,304309.87061950006,585742.64221,607616.2207705,749002.7673549999,0.0,6,0,0.48722769193674376,0.5,11471.279680000001,16387542.4,2952,125,0,True,False,False,free_real_approx_vendor_159915_official_SSE_others
HE-e3_concentrated_rotation-028,e3_concentrated_rotation,124,307652.04365999997,319327.7298215,590307.17603,627546.7814625001,747690.2123850002,0.0,6,0,0.2704809953333335,0.5454545454545454,15621.29916,22229730.200000003,8318,338,0,True,False,False,free_real_approx_vendor_159915_official_SSE_others
HE-e3_concentrated_rotation-029,e3_concentrated_rotation,124,332852.38195,337145.21174550004,647508.1363400001,664990.6543574999,762162.7050049999,0.0,6,0,0.4770802368470879,0.5909090909090909,6892.28274,9846118.2,2014,81,0,True,False,False,free_real_approx_vendor_159915_official_SSE_others
HE-e3_concentrated_rotation-030,e3_concentrated_rotation,124,258551.95431000003,295069.9531080001,535636.9351599999,556847.6848699999,743791.2995149998,0.0,6,0,0.4655130407898682,0.5555555555555556,18924.91594,26922807.099999998,11854,501,0,True,False,False,free_real_approx_vendor_159915_official_SSE_others
HE-e3_concentrated_rotation-031,e3_concentrated_rotation,124,285133.96105000004,309409.8134125,581512.3402800002,601686.8314255001,746162.56733,0.0,6,0,0.48982815112484346,0.5384615384615384,7768.129110000001,11097327.299999999,2795,125,0,True,False,False,free_real_approx_vendor_159915_official_SSE_others
HE-e3_concentrated_rotation-032,e3_concentrated_rotation,124,286845.89289999986,309036.8442415,589515.55651,612586.3591054998,694104.9206099999,0.0,6,0,0.4586964280723127,0.576271186440678,12852.534629999998,18243018.700000003,8224,347,0,True,False,False,free_real_approx_vendor_159915_official_SSE_others
HE-e3_concentrated_rotation-033,e3_concentrated_rotation,124,297911.17826,311461.38843949995,590158.0593799999,609670.360037,706640.8650400001,0.0,6,0,0.47665717984456835,0.631578947368421,5016.70131,7160245.000000001,2034,86,0,True,False,False,free_real_approx_vendor_159915_official_SSE_others
HE-e3_concentrated_rotation-034,e3_concentrated_rotation,124,276368.69466,303289.878915,592349.5796200001,605581.7653620002,719547.89409,0.0,6,0,0.4986513542932731,0.5851063829787234,14134.91231,20076116.200000003,11672,501,0,True,False,False,free_real_approx_vendor_159915_official_SSE_others
HE-e3_concentrated_rotation-035,e3_concentrated_rotation,124,264148.45959999994,297099.3934525,589148.5620899999,607833.8206155001,717263.7993350001,0.0,6,0,0.48995812368370295,0.5862068965517241,6006.298060000002,8580425.8,2867,125,0,True,False,False,free_real_approx_vendor_159915_official_SSE_others
HE-e3_concentrated_rotation-036,e3_concentrated_rotation,124,305631.31736,317848.2182035001,606560.5831600003,627389.33995434,779600.5007300001,0.056451612903225805,6,0,0.2398447669290944,0.36470588235294116,37400.78900000002,53270327.79999998,8331,614,0,True,False,False,free_real_approx_vendor_159915_official_SSE_others
HE-e3_concentrated_rotation-037,e3_concentrated_rotation,124,325240.69418000005,330762.990707,638336.0123299999,659276.7839645001,772017.8224550001,0.03225806451612903,6,0,0.48744349919583796,0.32608695652173914,12783.17891,18260930.099999998,1865,140,0,True,False,False,free_real_approx_vendor_159915_official_SSE_others
HE-e3_concentrated_rotation-038,e3_concentrated_rotation,124,297744.8711500002,310321.98246649996,599274.6345199998,621714.3850740003,794560.6887599999,0.04838709677419355,6,0,0.41946126688992,0.359375,41374.79552000001,58942593.50000001,12737,776,0,True,False,False,free_real_approx_vendor_159915_official_SSE_others
HE-e3_concentrated_rotation-039,e3_concentrated_rotation,124,282876.32034000003,308156.57962300006,577418.04236,599749.7281990001,791610.72876,0.024193548387096774,6,0,0.5085795422866777,0.34615384615384615,17838.942180000002,25474144.599999998,2852,185,0,True,False,False,free_real_approx_vendor_159915_official_SSE_others
HE-e3_concentrated_rotation-040,e3_concentrated_rotation,124,318425.9686,328964.559721,630724.8985599999,650088.2470285799,771689.712795,0.056451612903225805,6,0,0.2238843308285724,0.36792452830188677,20435.795820000003,28992347.899999995,8666,592,0,True,False,False,free_real_approx_vendor_159915_official_SSE_others
HE-e3_concentrated_rotation-041,e3_concentrated_rotation,124,316484.88119,339140.3153725,659482.5881459999,672511.0935029,766385.7855499998,0.04032258064516129,6,0,0.4723633761932039,0.3170731707317073,9290.355599999999,13255898.000000002,1853,143,0,True,False,False,free_real_approx_vendor_159915_official_SSE_others
HE-e3_concentrated_rotation-042,e3_concentrated_rotation,124,281787.0608924001,310392.81567048,581557.7332360001,602098.25008566,778563.3259,0.04032258064516129,6,0,0.443130459027385,0.43478260869565216,21150.983670000005,30003523.699999988,12409,755,0,True,False,False,free_real_approx_vendor_159915_official_SSE_others
HE-e3_concentrated_rotation-043,e3_concentrated_rotation,124,286145.64687999996,309642.5818135,585774.98192,609836.4780815999,790468.6781000001,0.024193548387096774,6,0,0.5050486384247119,0.3409090909090909,12243.92629,17481853.5,2789,187,0,True,False,False,free_real_approx_vendor_159915_official_SSE_others
HE-e3_concentrated_rotation-044,e3_concentrated_rotation,124,307128.5684399999,316523.2108250001,582346.6071799999,603191.2687763801,738606.9207100002,0.03225806451612903,6,0,0.45870199442350523,0.3673469387755102,26549.63459,37721825.2,8812,601,0,True,False,False,free_real_approx_vendor_159915_official_SSE_others
HE-e3_concentrated_rotation-045,e3_concentrated_rotation,124,296236.4614200001,310612.365942,560589.7876200003,593092.4886625002,714970.1204549999,0.03225806451612903,6,0,0.47215148899045845,0.4,7747.86759,11056479.799999999,1859,143,0,True,False,False,free_real_approx_vendor_159915_official_SSE_others
HE-e3_concentrated_rotation-046,e3_concentrated_rotation,124,287520.2466128001,305520.7660455,568661.84303,595033.6034479599,754762.9970050002,0.03225806451612903,6,0,0.483309231894099,0.4375,36414.823480000014,51788887.300000004,12420,755,0,True,False,False,free_real_approx_vendor_159915_official_SSE_others
HE-e3_concentrated_rotation-047,e3_concentrated_rotation,124,274242.8500999999,297233.69239,569720.1920099999,590235.820071,755595.2584449999,0.024193548387096774,6,0,0.5050184245422951,0.3684210526315789,11091.985639999999,15836392.4,2734,182,0,True,False,False,free_real_approx_vendor_159915_official_SSE_others
HE-e3_concentrated_rotation-048,e3_concentrated_rotation,124,308565.80110000004,321657.79624912003,605572.8458,632835.33347886,767774.3240750004,0.04838709677419355,6,0,0.23544230033578362,0.38095238095238093,33792.25099000001,48124484.6,8750,614,0,True,False,False,free_real_approx_vendor_159915_official_SSE_others
HE-e3_concentrated_rotation-049,e3_concentrated_rotation,124,325640.89524000004,334097.202743,645903.65838,663834.409446,777556.346125,0.04838709677419355,6,0,0.48942467701895664,0.3783783783783784,11277.307589999997,16100380.900000002,1823,140,0,True,False,False,free_real_approx_vendor_159915_official_SSE_others
HE-e3_concentrated_rotation-050,e3_concentrated_rotation,124,300327.6740500001,309209.81873400003,595406.85743,625642.6950015001,783623.0108599996,0.024193548387096774,6,0,0.41534693459614913,0.3695652173913043,37148.78923,52883590.59999999,13012,776,0,True,False,False,free_real_approx_vendor_159915_official_SSE_others
HE-e3_concentrated_rotation-051,e3_concentrated_rotation,124,281765.92646,308352.933205,585047.92532,598792.0391725001,794273.10828,0.03225806451612903,6,0,0.5105592474148295,0.4166666666666667,16641.25793,23763521.599999998,2876,185,0,True,False,False,free_real_approx_vendor_159915_official_SSE_others
HE-e3_concentrated_rotation-052,e3_concentrated_rotation,124,306624.11124,324609.4821525,620048.1483999996,637006.9904661002,752070.5277949999,0.03225806451612903,6,0,0.2395413194345417,0.38524590163934425,17243.078209999996,24443292.600000005,8955,592,0,True,False,False,free_real_approx_vendor_159915_official_SSE_others
HE-e3_concentrated_rotation-053,e3_concentrated_rotation,124,310057.13285000005,336464.1111706,645355.9628660002,658628.9004857001,768735.896825,0.04838709677419355,6,0,0.4723145165985112,0.38461538461538464,8885.98271,12689911.200000001,1915,143,0,True,False,False,free_real_approx_vendor_159915_official_SSE_others
HE-e3_concentrated_rotation-054,e3_concentrated_rotation,124,278248.35360000003,307785.70359099994,572254.0162764,592617.1867535799,771259.5515649999,0.024193548387096774,6,0,0.45953817804441244,0.410958904109589,19598.052860000003,27757269.6,12668,755,0,True,False,False,free_real_approx_vendor_159915_official_SSE_others
HE-e3_concentrated_rotation-055,e3_concentrated_rotation,124,284961.55408999993,307635.93539050006,562244.194428,597152.4362568001,790743.940625,0.016129032258064516,6,0,0.5050661972701429,0.40816326530612246,11672.52808,16670690.3,2839,187,0,True,False,False,free_real_approx_vendor_159915_official_SSE_others
HE-e3_concentrated_rotation-056,e3_concentrated_rotation,124,304937.74254,315459.804113,585603.4459100002,611264.9902450001,722998.87945,0.008064516129032258,6,0,0.4649844828201489,0.38372093023255816,15816.08882,22386488.900000002,8849,601,0,True,False,False,free_real_approx_vendor_159915_official_SSE_others
HE-e3_concentrated_rotation-057,e3_concentrated_rotation,124,296236.4614200001,314551.80803799996,573244.4142300002,597038.758929,724352.2569999999,0.024193548387096774,6,0,0.47213902616338266,0.4,5790.30264,8267865.600000001,1911,143,0,True,False,False,free_real_approx_vendor_159915_official_SSE_others
HE-e3_concentrated_rotation-058,e3_concentrated_rotation,124,292596.77971,305742.85712100007,564098.27222,604835.3480985598,742105.7004199998,0.024193548387096774,6,0,0.49431800859026576,0.4461538461538462,25524.745370000015,36206970.5,12486,755,0,True,False,False,free_real_approx_vendor_159915_official_SSE_others
HE-e3_concentrated_rotation-059,e3_concentrated_rotation,124,276146.16718999995,300419.0661075,573944.14323,591035.312148,757058.4137249999,0.016129032258064516,6,0,0.5049982600267462,0.4186046511627907,9369.845389999999,13381348.500000002,2823,182,0,True,False,False,free_real_approx_vendor_159915_official_SSE_others
HE-e3_concentrated_rotation-060,e3_concentrated_rotation,124,308866.54565,325011.0365851201,615518.6257600002,640670.5501269401,768457.2678250001,0.0,6,0,0.2112912979661784,0.35502958579881655,21983.009259999995,31244768.500000004,8733,614,0,True,False,False,free_real_approx_vendor_159915_official_SSE_others
HE-e3_concentrated_rotation-061,e3_concentrated_rotation,124,325770.13225,334509.87412449997,659091.8386499999,670981.4827525,777767.3041199999,0.04032258064516129,6,0,0.4882515568797574,0.34210526315789475,12524.385089999998,17891978.7,1855,140,0,True,False,False,free_real_approx_vendor_159915_official_SSE_others
HE-e3_concentrated_rotation-062,e3_concentrated_rotation,124,298227.04340999987,311059.03393250005,601753.28539,632108.6076165002,771778.91617,0.0,6,0,0.3978868904415952,0.36470588235294116,25305.85802999999,35971631.699999996,13097,776,0,True,False,False,free_real_approx_vendor_159915_official_SSE_others
HE-e3_concentrated_rotation-063,e3_concentrated_rotation,124,282876.32034000003,308156.57962300006,596230.8696300001,613071.3440905001,795310.2308149999,0.024193548387096774,6,0,0.5093914903143844,0.36,17978.33514,25673631.900000002,2818,185,0,True,False,False,free_real_approx_vendor_159915_official_SSE_others
HE-e3_concentrated_rotation-064,e3_concentrated_rotation,124,314213.35271999997,328762.4869165,640428.6913164002,648942.1271001801,745578.657165,0.0,6,0,0.2395107494146722,0.375,12712.231229999992,17893235.1,8839,592,0,True,False,False,free_real_approx_vendor_159915_official_SSE_others
HE-e3_concentrated_rotation-065,e3_concentrated_rotation,124,311872.15589000005,341536.216648,656457.9117000002,668425.6875101,767885.30183,0.03225806451612903,6,0,0.47207046337005687,0.3611111111111111,8954.11532,12786066.8,1854,143,0,True,False,False,free_real_approx_vendor_159915_official_SSE_others
HE-e3_concentrated_rotation-066,e3_concentrated_rotation,124,276010.95994160004,304373.26424180006,570511.3542384,599827.6600238602,759572.9515149998,0.0,6,0,0.44014035101531435,0.4251968503937008,13616.195710000007,19168296.80000001,12569,755,0,True,False,False,free_real_approx_vendor_159915_official_SSE_others
HE-e3_concentrated_rotation-067,e3_concentrated_rotation,124,287986.94477,309337.8417365001,573531.30128,608997.5449518001,790513.1804750001,0.016129032258064516,6,0,0.5046766165998419,0.37777777777777777,10502.531280000001,14997735.100000001,2830,187,0,True,False,False,free_real_approx_vendor_159915_official_SSE_others
HE-e3_concentrated_rotation-068,e3_concentrated_rotation,124,290639.2072399999,308762.970338,589469.7521899999,606574.5665889998,684629.2083914,0.0,6,0,0.4558855320840336,0.38823529411764707,12215.909520000001,17191398.899999995,8773,601,0,True,False,False,free_real_approx_vendor_159915_official_SSE_others
HE-e3_concentrated_rotation-069,e3_concentrated_rotation,124,300292.0706700001,313058.82966899994,590331.28087,612211.0414754999,721845.5157300001,0.024193548387096774,6,0,0.4718473480998524,0.35714285714285715,5895.35192,8416404.8,1877,143,0,True,False,False,free_real_approx_vendor_159915_official_SSE_others
HE-e3_concentrated_rotation-070,e3_concentrated_rotation,124,278205.4083099999,298192.7031920001,571291.5569100002,608384.3470772002,721992.11653,0.0,6,0,0.4755569770960453,0.4566929133858268,16453.749009999996,23236919.500000004,12429,755,0,True,False,False,free_real_approx_vendor_159915_official_SSE_others
HE-e3_concentrated_rotation-071,e3_concentrated_rotation,124,274242.8500999999,297298.363813,576604.4349600001,601613.1931860001,763352.6827199999,0.008064516129032258,6,0,0.504627976248365,0.3953488372093023,9371.068849999998,13381714.699999997,2790,182,0,True,False,False,free_real_approx_vendor_159915_official_SSE_others
HE-multiscale_breakout-000,multiscale_breakout,124,292196.08524,313103.0143500001,555395.30952,584512.2183034999,701841.8292600001,0.0,6,0,0.12751156148499088,0.4642857142857143,16789.96124,23974495.8,2768,106,0,True,False,False,free_real_approx_vendor_159915_official_SSE_others
HE-multiscale_breakout-001,multiscale_breakout,124,286255.08230999997,308215.22040750005,608389.0931,622365.9154255,732546.18238,0.0,6,0,0.3991605822677876,0.5377358490566038,27521.37448,39203817.1,11755,501,0,True,False,False,free_real_approx_vendor_159915_official_SSE_others
HE-multiscale_breakout-002,multiscale_breakout,124,323299.58269999997,333655.773,635850.40124,654068.044162,705862.910015,0.008064516129032258,6,0,0.46213366688963076,0.5555555555555556,6707.55834,9582226.2,607,24,0,True,False,False,free_real_approx_vendor_159915_official_SSE_others
HE-multiscale_breakout-003,multiscale_breakout,124,279255.61616999994,309899.440321,589325.78726,611512.7814519999,786921.21691,0.024193548387096774,6,0,0.5130819104717017,0.5769230769230769,19945.3569,28493366.999999996,2774,125,0,True,False,False,free_real_approx_vendor_159915_official_SSE_others
HE-multiscale_breakout-004,multiscale_breakout,124,307329.4259100001,320284.51693299995,587845.3459799999,609427.0094845002,714999.64567,0.0,6,0,0.12729052476227698,0.5625,16503.103759999998,23564342.4,2168,84,0,True,False,False,free_real_approx_vendor_159915_official_SSE_others
HE-multiscale_breakout-005,multiscale_breakout,124,285287.36248,308195.1426415,601243.41454,632683.0092885001,746967.9372800001,0.0,6,0,0.3996112512530585,0.5377358490566038,26235.17892000001,37352669.8,11660,501,0,True,False,False,free_real_approx_vendor_159915_official_SSE_others
HE-multiscale_breakout-006,multiscale_breakout,124,326387.3842399999,334677.02407999994,644571.4808199999,663127.048614,711083.73309,0.008064516129032258,6,0,0.46213366688963076,0.6666666666666666,6036.7777399999995,8623968.200000001,416,18,0,True,False,False,free_real_approx_vendor_159915_official_SSE_others
HE-multiscale_breakout-007,multiscale_breakout,124,276267.68144,309899.440321,602088.9238199999,633273.7035575,790025.475075,0.016129032258064516,6,0,0.5130819104717017,0.5625,18090.580690000003,25843686.699999996,2793,125,0,True,False,False,free_real_approx_vendor_159915_official_SSE_others
HE-multiscale_breakout-008,multiscale_breakout,124,319969.8102699999,326118.8133905,620411.4298300002,633747.3222435,685521.7690349999,0.0,6,0,0.1748927116685136,0.5454545454545454,18479.777899999994,26388162.599999998,2638,102,0,True,False,False,free_real_approx_vendor_159915_official_SSE_others
HE-multiscale_breakout-009,multiscale_breakout,124,285716.2116,309436.58735199994,600506.9886299999,617952.8170114999,734957.544055,0.0,6,0,0.4047710499625359,0.5306122448979592,31518.802730000014,44925468.60000002,11876,501,0,True,False,False,free_real_approx_vendor_159915_official_SSE_others
HE-multiscale_breakout-010,multiscale_breakout,124,323148.64619999996,334442.803197,642323.1677599999,662582.990029,720000.0,0.008064516129032258,6,0,0.46213366688963076,1.0,6036.7777399999995,8623968.200000001,470,19,0,True,False,False,free_real_approx_vendor_159915_official_SSE_others
HE-multiscale_breakout-011,multiscale_breakout,124,276267.68144,307703.65435050003,569005.15907,604583.971307,782573.5996049999,0.016129032258064516,6,0,0.5130819104717017,0.5769230769230769,18090.580690000003,25843686.699999996,2732,125,0,True,False,False,free_real_approx_vendor_159915_official_SSE_others
HE-multiscale_breakout-012,multiscale_breakout,124,319969.8102699999,334903.96059999993,629779.7840500002,647097.835222,715345.44727,0.0,6,0,0.12783870999771862,0.6428571428571429,16503.103759999998,23564342.4,1814,73,0,True,False,False,free_real_approx_vendor_159915_official_SSE_others
HE-multiscale_breakout-013,multiscale_breakout,124,286673.00049999997,309805.2929465,609311.4425300001,632564.8203015,753217.92386,0.0,6,0,0.3996112512530585,0.5490196078431373,26235.17892000001,37352669.8,11649,501,0,True,False,False,free_real_approx_vendor_159915_official_SSE_others
HE-multiscale_breakout-014,multiscale_breakout,124,326387.3842399999,334962.58040299994,644571.4808199999,667744.392834,724535.91182,0.008064516129032258,6,0,0.46213366688963076,1.0,6036.7777399999995,8623968.200000001,343,16,0,True,False,False,free_real_approx_vendor_159915_official_SSE_others
HE-multiscale_breakout-015,multiscale_breakout,124,276267.68144,310090.5590695,603778.83359,633097.9791770001,790025.475075,0.016129032258064516,6,0,0.5130819104717017,0.5625,18090.580690000003,25843686.699999996,2749,125,0,True,False,False,free_real_approx_vendor_159915_official_SSE_others
HE-multiscale_breakout-016,multiscale_breakout,124,319969.8102699999,334693.1536919999,632774.6209699999,649018.05622,697431.2074800001,0.0,6,0,0.1280371420427482,0.5,16789.96124,23974495.8,2196,87,0,True,False,False,free_real_approx_vendor_159915_official_SSE_others
HE-multiscale_breakout-017,multiscale_breakout,124,286673.00049999997,311434.56177800003,612190.3909,624796.6113155,743205.771035,0.0,6,0,0.3991605822677876,0.5490196078431373,27521.37448,39203817.1,11715,501,0,True,False,False,free_real_approx_vendor_159915_official_SSE_others
HE-multiscale_breakout-018,multiscale_breakout,124,324626.86565999995,334677.02407999994,644571.4808199999,666815.9534185,723503.39032,0.008064516129032258,6,0,0.46213366688963076,1.0,6036.7777399999995,8623968.200000001,411,18,0,True,False,False,free_real_approx_vendor_159915_official_SSE_others
HE-multiscale_breakout-019,multiscale_breakout,124,276267.68144,310090.5590695,590934.69884,613187.041014,790025.475075,0.016129032258064516,6,0,0.5130819104717017,0.5769230769230769,18090.580690000003,25843686.699999996,2761,125,0,True,False,False,free_real_approx_vendor_159915_official_SSE_others
HE-multiscale_breakout-020,multiscale_breakout,124,319969.8102699999,334903.96059999993,629779.7840500002,647097.835222,715345.44727,0.0,6,0,0.12783870999771862,0.6428571428571429,16503.103759999998,23564342.4,1814,73,0,True,False,False,free_real_approx_vendor_159915_official_SSE_others
HE-multiscale_breakout-021,multiscale_breakout,124,286673.00049999997,309805.2929465,609311.4425300001,632564.8203015,753217.92386,0.0,6,0,0.3996112512530585,0.5490196078431373,26235.17892000001,37352669.8,11649,501,0,True,False,False,free_real_approx_vendor_159915_official_SSE_others
HE-multiscale_breakout-022,multiscale_breakout,124,326387.3842399999,334962.58040299994,644571.4808199999,667744.392834,724535.91182,0.008064516129032258,6,0,0.46213366688963076,1.0,6036.7777399999995,8623968.200000001,343,16,0,True,False,False,free_real_approx_vendor_159915_official_SSE_others
HE-multiscale_breakout-023,multiscale_breakout,124,276267.68144,310090.5590695,603778.83359,633097.9791770001,790025.475075,0.016129032258064516,6,0,0.5130819104717017,0.5625,18090.580690000003,25843686.699999996,2749,125,0,True,False,False,free_real_approx_vendor_159915_official_SSE_others
HE-single_159915_trend_cash-000,single_159915_trend_cash,134,286799.45467000006,306807.23185999994,565744.5498400003,589400.8067975,718982.084055,0.0,6,0,0.2548644806138869,0.6818181818181818,7364.335040000001,10508017.899999999,4611,159,0,True,False,False,free_real_approx_vendor_159915_official_SSE_others
HE-single_159915_trend_cash-001,single_159915_trend_cash,134,308120.61088,320898.9992105,589701.3324699999,621824.1219069997,727128.097935,0.0,6,0,0.1123194083847735,0.6666666666666666,4229.167530000001,6041667.899999999,1281,38,0,True,False,False,free_real_approx_vendor_159915_official_SSE_others
HE-single_159915_trend_cash-002,single_159915_trend_cash,134,300148.03889,316562.28364000004,594400.58353,613370.5054065001,720216.9040699999,0.0,6,0,0.18871133892359404,0.0,5943.017599999998,8464447.899999999,0,159,0,True,False,False,free_real_approx_vendor_159915_official_SSE_others
HE-single_159915_trend_cash-003,single_159915_trend_cash,134,318292.3796,328495.7535135,613876.0692099996,640799.1527759999,727137.5384450001,0.0,6,0,0.0906442031865532,0.0,3461.03079,4944329.7,0,38,0,True,False,False,free_real_approx_vendor_159915_official_SSE_others
HE-single_159915_trend_cash-004,single_159915_trend_cash,134,314155.05476,326729.67368999997,623773.1513,638566.7645555,720496.2187,0.0,6,0,0.11382027291833641,0.0,4484.197269999999,6370878.399999999,0,159,0,True,False,False,free_real_approx_vendor_159915_official_SSE_others
HE-single_159915_trend_cash-005,single_159915_trend_cash,134,328605.71195,336215.112506,639033.2068999999,660262.8340209998,726074.0305649999,0.0,6,0,0.06854825688995769,0.0,2653.7931000000003,3791133.0000000005,0,38,0,True,False,False,free_real_approx_vendor_159915_official_SSE_others
HE-single_159915_trend_cash-006,single_159915_trend_cash,134,278560.47134,297096.2992985001,522958.56314,539170.5097900002,715058.64762,0.0,6,0,0.23320233732254847,0.6486486486486487,6771.756980000001,9654165.100000001,4251,149,0,True,False,False,free_real_approx_vendor_159915_official_SSE_others
HE-single_159915_trend_cash-007,single_159915_trend_cash,134,315268.7529999999,325981.29474249994,603883.5521399999,631898.3465455,729755.989915,0.0,6,0,0.18893548433069074,0.75,3543.9681199999995,5062811.600000001,999,30,0,True,False,False,free_real_approx_vendor_159915_official_SSE_others
HE-single_159915_trend_cash-008,single_159915_trend_cash,134,293734.4475100001,308765.39728000003,557925.6731200002,570546.909665,721407.7197449999,0.0,6,0,0.17188844485110022,0.0,5501.14155,7800047.6000000015,0,149,0,True,False,False,free_real_approx_vendor_159915_official_SSE_others
HE-single_159915_trend_cash-009,single_159915_trend_cash,134,323984.48208,332603.68068499997,626158.23031,648738.1236065,728450.742635,0.0,6,0,0.1457333832473351,0.0,2772.15386,3960219.8000000007,0,30,0,True,False,False,free_real_approx_vendor_159915_official_SSE_others
HE-single_159915_trend_cash-010,single_159915_trend_cash,134,309362.82851,321158.73861999996,594595.3505200003,603988.3414754999,722225.10458,0.0,6,0,0.10455516848957047,0.0,4294.78234,6072532.900000001,0,149,0,True,False,False,free_real_approx_vendor_159915_official_SSE_others
HE-single_159915_trend_cash-011,single_159915_trend_cash,134,332836.7542099999,339337.79136150004,648943.73146,666000.637349,727021.796965,0.0,6,0,0.10100219136532129,0.0,2038.39049,2903314.4000000004,0,30,0,True,False,False,free_real_approx_vendor_159915_official_SSE_others
HE-single_159915_trend_cash-012,single_159915_trend_cash,134,294346.0205599999,309201.7373,574423.0637899998,603652.5919699996,711266.56937,0.0,6,0,0.11798485776292433,0.717391304347826,7298.98844,10375482.500000002,4598,161,0,True,False,False,free_real_approx_vendor_159915_official_SSE_others
HE-single_159915_trend_cash-013,single_159915_trend_cash,134,310943.16474,323557.95559449994,601962.6029199996,621953.3112959998,728152.57243,0.0,6,0,0.11688129606373965,0.7,3737.6740099999993,5339534.300000001,1320,42,0,True,False,False,free_real_approx_vendor_159915_official_SSE_others
HE-single_159915_trend_cash-014,single_159915_trend_cash,134,306622.1429499999,318599.47955,601569.18132,628013.4624814999,719060.5425750001,0.0,6,0,0.0943255552315605,0.0,5780.444369999999,8189063.000000001,0,161,0,True,False,False,free_real_approx_vendor_159915_official_SSE_others
HE-single_159915_trend_cash-015,single_159915_trend_cash,134,320386.59845999995,330651.2337625,624364.14646,640974.8905459999,728134.7852950001,0.0,6,0,0.0906442031865532,0.0,3003.9725799999997,4291389.4,0,42,0,True,False,False,free_real_approx_vendor_159915_official_SSE_others
HE-single_159915_trend_cash-016,single_159915_trend_cash,134,319335.73767,328831.789937,629417.3142899997,649784.536934,724729.82087,0.0,6,0,0.07057984887143776,0.0,4255.18455,5979211.2,0,161,0,True,False,False,free_real_approx_vendor_159915_official_SSE_others
HE-single_159915_trend_cash-017,single_159915_trend_cash,134,330040.97378,337871.47883700003,647092.9706899999,659968.290317,728140.36564,0.0,6,0,0.06854825688995769,0.0,2260.9537299999997,3229933.9,0,42,0,True,False,False,free_real_approx_vendor_159915_official_SSE_others
HE-single_159915_trend_cash-018,single_159915_trend_cash,134,289459.2095399999,307002.46185100003,543030.04888,571104.2838625,720345.435045,0.0,6,0,0.1264249220615432,0.6818181818181818,6153.431680000001,8767741.899999999,4148,149,0,True,False,False,free_real_approx_vendor_159915_official_SSE_others
HE-single_159915_trend_cash-019,single_159915_trend_cash,134,315268.7529999999,325325.18965649995,610612.8644099999,624363.128494,723697.7319250001,0.0,6,0,0.19044471462380752,0.8,2985.65169,4265216.7,1063,35,0,True,False,False,free_real_approx_vendor_159915_official_SSE_others
HE-single_159915_trend_cash-020,single_159915_trend_cash,134,302451.3266399999,316763.3622510001,573709.46139,599699.599589,725258.3277149999,0.0,6,0,0.10334281815578861,0.0,5118.8985,7285033.7,0,149,0,True,False,False,free_real_approx_vendor_159915_official_SSE_others
HE-single_159915_trend_cash-021,single_159915_trend_cash,134,323984.48208,332027.37126950006,630892.6522600001,642866.4652219999,725897.34359,0.0,6,0,0.1470168195902507,0.0,2395.8042499999997,3422577.5,0,35,0,True,False,False,free_real_approx_vendor_159915_official_SSE_others
HE-single_159915_trend_cash-022,single_159915_trend_cash,134,316012.41837999993,326899.9416299999,606658.4099399999,628984.4913114998,730953.0399000001,0.0,6,0,0.07840461208921712,0.0,3956.68365,5619640.0,0,149,0,True,False,False,free_real_approx_vendor_159915_official_SSE_others
HE-single_159915_trend_cash-023,single_159915_trend_cash,134,332836.7542099999,338889.301157,652281.31402,661952.7036479998,726653.782535,0.0,6,0,0.1019455813460407,0.0,1800.5486099999998,2572212.3,0,35,0,True,False,False,free_real_approx_vendor_159915_official_SSE_others
HE-single_159915_trend_cash-024,single_159915_trend_cash,134,308478.46965,319457.0804769999,588942.4732799997,614940.3875684999,692614.9326049999,0.0,6,0,0.11542747249023289,0.7045454545454546,6282.753000000001,8935462.399999999,4450,158,0,True,False,False,free_real_approx_vendor_159915_official_SSE_others
HE-single_159915_trend_cash-025,single_159915_trend_cash,134,308131.4349,316242.87392700004,569497.3492299999,591744.2361305,673607.02306,0.0,6,0,0.13881932376776318,0.7142857142857143,3405.53262,4865046.6,1220,39,0,True,False,False,free_real_approx_vendor_159915_official_SSE_others
HE-single_159915_trend_cash-026,single_159915_trend_cash,134,318058.88554000005,327170.52098449995,612776.03568,634772.5228619999,699889.4897849999,0.0,6,0,0.0943255552315605,0.0,4976.97746,7052459.199999999,0,158,0,True,False,False,free_real_approx_vendor_159915_official_SSE_others
HE-single_159915_trend_cash-027,single_159915_trend_cash,134,318323.11997,324627.3596205,597867.87165,615640.2947925,685050.917115,0.0,6,0,0.1034948773348977,0.0,2675.6207799999997,3822315.4000000004,0,39,0,True,False,False,free_real_approx_vendor_159915_official_SSE_others
HE-single_159915_trend_cash-028,single_159915_trend_cash,134,328145.10062,335072.6054545,638139.9586499999,655519.223124,708579.9849500001,0.0,6,0,0.07057984887143776,0.0,3667.12558,5165716.3,0,158,0,True,False,False,free_real_approx_vendor_159915_official_SSE_others
HE-single_159915_trend_cash-029,single_159915_trend_cash,134,328580.92357,333310.32567199995,627145.39645,640693.6860100001,696886.51135,0.0,6,0,0.07255385769207201,0.0,1949.0071000000003,2779517.8,0,39,0,True,False,False,free_real_approx_vendor_159915_official_SSE_others
HE-single_159915_trend_cash-030,single_159915_trend_cash,134,309041.9884399999,317491.671939,580458.06207,598043.18984,707380.43254,0.0,6,0,0.1264249220615432,0.6590909090909091,4285.29975,6097976.0,4118,155,0,True,False,False,free_real_approx_vendor_159915_official_SSE_others
HE-single_159915_trend_cash-031,single_159915_trend_cash,134,308584.9042,319524.38284050004,568269.05165,603605.9123169999,694326.6966249999,0.0,6,0,0.18939325844491695,0.7142857142857143,2940.0711200000005,4200101.600000001,1129,38,0,True,False,False,free_real_approx_vendor_159915_official_SSE_others
HE-single_159915_trend_cash-032,single_159915_trend_cash,134,318692.5913699999,325539.72154399997,605455.17377,620390.9273994999,711916.5062500001,0.0,6,0,0.10334281815578861,0.0,3556.53506,5034715.2,0,155,0,True,False,False,free_real_approx_vendor_159915_official_SSE_others
HE-single_159915_trend_cash-033,single_159915_trend_cash,134,318678.02234,327257.4723645,596950.69982,625813.9854690001,700593.1787400001,0.0,6,0,0.14618134890190315,0.0,2264.06229,3234374.7,0,38,0,True,False,False,free_real_approx_vendor_159915_official_SSE_others
HE-single_159915_trend_cash-034,single_159915_trend_cash,134,328606.42182999995,333839.5085045,632357.7597299997,643960.1671995,716000.389175,0.0,6,0,0.07840461208921712,0.0,2762.01383,3886549.7,0,155,0,True,False,False,free_real_approx_vendor_159915_official_SSE_others
HE-single_159915_trend_cash-035,single_159915_trend_cash,134,328901.24158,335251.171464,626506.23584,648515.5189730001,708014.31784,0.0,6,0,0.10133241253397496,0.0,1729.5738600000002,2470819.8,0,38,0,True,False,False,free_real_approx_vendor_159915_official_SSE_others
HE-vol_drawdown_cash-000,vol_drawdown_cash,134,346864.49999999994,351653.63000000006,694031.2997999999,701366.5,736182.4828049999,0.0,6,0,0.04634371493092293,0.0,1800.2068500000003,2192260.7,0,540,0,True,False,False,free_real_approx_vendor_159915_official_SSE_others
HE-vol_drawdown_cash-001,vol_drawdown_cash,134,337402.18159999995,345633.62819699995,675200.2141300002,687777.9199430001,738485.691625,0.0,6,0,0.0902029958999363,0.0,3004.6876299999994,3975170.899999999,0,540,0,True,False,False,free_real_approx_vendor_159915_official_SSE_others
HE-vol_drawdown_cash-002,vol_drawdown_cash,134,328210.19727999996,339684.42591050005,656697.4164799999,674344.4661005001,743070.3511900001,0.0,6,0,0.1422154701946271,0.16304347826086957,4247.90047,5810388.4,521,540,0,True,False,False,free_real_approx_vendor_159915_official_SSE_others
HE-vol_drawdown_cash-003,vol_drawdown_cash,134,346864.49999999994,351862.26999999996,694031.2997999999,701366.5,736881.1328050001,0.0,6,0,0.046351095081061056,0.0,912.9961299999999,856095.5,0,540,0,True,False,False,free_real_approx_vendor_159915_official_SSE_others
HE-vol_drawdown_cash-004,vol_drawdown_cash,134,337402.18159999995,345969.52821649995,675200.2141300002,687777.9199430001,741683.72789,0.0,6,0,0.09114370402601046,0.0,1342.7499100000002,1549585.4999999998,0,540,0,True,False,False,free_real_approx_vendor_159915_official_SSE_others
HE-vol_drawdown_cash-005,vol_drawdown_cash,134,328210.19727999996,340138.0131195,656697.4164799999,674344.4661005001,743754.8286250001,0.0,6,0,0.14332510415775035,0.08791208791208792,1771.8034200000002,2205397.0000000005,271,540,0,True,False,False,free_real_approx_vendor_159915_official_SSE_others
HE-vol_drawdown_cash-006,vol_drawdown_cash,134,346864.49999999994,351862.26999999996,694031.2997999999,701366.5,737940.9070000001,0.0,6,0,0.046347509233932827,0.0,1338.94565,1526534.0999999996,0,540,0,True,False,False,free_real_approx_vendor_159915_official_SSE_others
HE-vol_drawdown_cash-007,vol_drawdown_cash,134,337402.18159999995,345969.52821649995,675200.2141300002,687777.9199430001,741683.72789,0.0,6,0,0.09140118508574335,0.0,2170.0616599999994,2797580.2999999993,0,540,0,True,False,False,free_real_approx_vendor_159915_official_SSE_others
HE-vol_drawdown_cash-008,vol_drawdown_cash,134,328210.19727999996,340138.0131195,656697.4164799999,674344.4661005001,743754.8286250001,0.0,6,0,0.1436234471671104,0.24731182795698925,3039.74008,4113074.5999999996,798,540,0,True,False,False,free_real_approx_vendor_159915_official_SSE_others
HE-vol_drawdown_cash-009,vol_drawdown_cash,134,346864.49999999994,351862.26999999996,694031.2997999999,701366.5,736881.1328050001,0.0,6,0,0.04634507389184894,0.0,1172.02415,1264285.5999999999,0,540,0,True,False,False,free_real_approx_vendor_159915_official_SSE_others
HE-vol_drawdown_cash-010,vol_drawdown_cash,134,337402.18159999995,345969.52821649995,675200.2141300002,687777.9199430001,741683.72789,0.0,6,0,0.09082015554858525,0.0,1854.50221,2312484.5,0,540,0,True,False,False,free_real_approx_vendor_159915_official_SSE_others
HE-vol_drawdown_cash-011,vol_drawdown_cash,134,328210.19727999996,340138.0131195,656697.4164799999,674344.4661005001,743754.8286250001,0.0,6,0,0.14298556990640587,0.1875,2561.41079,3387417.5,608,540,0,True,False,False,free_real_approx_vendor_159915_official_SSE_others
HE-vol_drawdown_cash-012,vol_drawdown_cash,134,346864.49999999994,351414.3016790001,694031.2997999999,700961.6372465001,735653.85244,0.0,6,0,0.046347509233932827,0.0,1777.3629,2186011.9000000004,0,540,0,True,False,False,free_real_approx_vendor_159915_official_SSE_others
HE-vol_drawdown_cash-013,vol_drawdown_cash,134,337402.18159999995,345195.028206,675200.2141300002,687105.9723965001,738990.2527899999,0.0,6,0,0.09043798956580018,0.0,2958.8787899999993,3950502.4999999995,0,540,0,True,False,False,free_real_approx_vendor_159915_official_SSE_others
HE-vol_drawdown_cash-014,vol_drawdown_cash,134,328019.00652,339058.80329,656697.4164799999,673355.003516,743070.3511900001,0.0,6,0,0.14245975209036443,0.2903225806451613,4181.24422,5763671.700000001,1076,540,0,True,False,False,free_real_approx_vendor_159915_official_SSE_others
HE-vol_drawdown_cash-015,vol_drawdown_cash,134,346184.71350000007,351275.69422400004,694031.2997999999,700614.272715,735657.7373550001,0.0,6,0,0.046347509233932827,0.0,1316.74105,1499556.4000000004,0,540,0,True,False,False,free_real_approx_vendor_159915_official_SSE_others
HE-vol_drawdown_cash-016,vol_drawdown_cash,134,336197.8148599999,344953.9916935,675200.2141300002,686607.776644,739461.33747,0.0,6,0,0.09087750378296933,0.0,2136.6331299999997,2739933.6999999993,0,540,0,True,False,False,free_real_approx_vendor_159915_official_SSE_others
HE-vol_drawdown_cash-017,vol_drawdown_cash,134,326389.68731000007,338705.9424145,656697.4164799999,672510.06057,743070.3511900001,0.0,6,0,0.14306629813775795,0.23711340206185566,2975.5090299999997,4017649.8,807,540,0,True,False,False,free_real_approx_vendor_159915_official_SSE_others
HE-vol_drawdown_cash-018,vol_drawdown_cash,134,346864.49999999994,351653.63000000006,694031.2997999999,701366.5,734592.3999999999,0.0,6,0,0.04637448300573821,0.0,1755.8094099999998,2092240.5999999996,0,540,0,True,False,False,free_real_approx_vendor_159915_official_SSE_others
HE-vol_drawdown_cash-019,vol_drawdown_cash,134,337402.18159999995,345633.62819699995,675200.2141300002,687777.9199430001,735328.4262699999,0.0,6,0,0.08700526798850428,0.0,2869.2776,3743126.9,0,540,0,True,False,False,free_real_approx_vendor_159915_official_SSE_others
HE-vol_drawdown_cash-020,vol_drawdown_cash,134,328210.19727999996,339684.42591050005,656697.4164799999,674344.4661005001,737969.0979299999,0.0,6,0,0.13818796138085876,0.12087912087912088,4009.80955,5418325.400000001,381,540,0,True,False,False,free_real_approx_vendor_159915_official_SSE_others
HE-vol_drawdown_cash-021,vol_drawdown_cash,134,346864.49999999994,351862.26999999996,694031.2997999999,701366.5,735413.24882,0.0,6,0,0.046339818556657586,0.0,916.7654299999999,858302.1,0,540,0,True,False,False,free_real_approx_vendor_159915_official_SSE_others
HE-vol_drawdown_cash-022,vol_drawdown_cash,134,337402.18159999995,345969.52821649995,675200.2141300002,687777.9199430001,736503.5173849999,0.0,6,0,0.08795256349046998,0.0,1342.64509,1550706.9999999998,0,540,0,True,False,False,free_real_approx_vendor_159915_official_SSE_others
HE-vol_drawdown_cash-023,vol_drawdown_cash,134,328210.19727999996,340138.0131195,656697.4164799999,674344.4661005001,741229.170125,0.0,6,0,0.13943496869825667,0.06593406593406594,1798.7315700000001,2252489.7,172,540,0,True,False,False,free_real_approx_vendor_159915_official_SSE_others
HE-vol_drawdown_cash-024,vol_drawdown_cash,134,346864.49999999994,350805.7310065,694031.2997999999,701366.5,736008.6010299998,0.0,6,0,0.05292193670626699,0.0,1430.6782999999998,1651991.4000000001,0,540,0,True,False,False,free_real_approx_vendor_159915_official_SSE_others
HE-vol_drawdown_cash-025,vol_drawdown_cash,134,337402.18159999995,344036.07004499994,675200.2141300002,687777.9199430001,736503.5173849999,0.0,6,0,0.09105220254621216,0.0,2286.1136400000005,2943940.7,0,540,0,True,False,False,free_real_approx_vendor_159915_official_SSE_others
HE-vol_drawdown_cash-026,vol_drawdown_cash,134,328210.19727999996,337403.4554545,656697.4164799999,674344.4661005001,741481.0615649999,0.0,6,0,0.14014124844841647,0.1956521739130435,3141.51612,4215907.6,660,540,0,True,False,False,free_real_approx_vendor_159915_official_SSE_others
HE-vol_drawdown_cash-027,vol_drawdown_cash,134,346864.49999999994,351862.26999999996,694031.2997999999,701366.5,735788.8999999999,0.0,6,0,0.05291513927474212,0.0,1249.2637400000003,1380426.0,0,540,0,True,False,False,free_real_approx_vendor_159915_official_SSE_others
HE-vol_drawdown_cash-028,vol_drawdown_cash,134,337402.18159999995,345969.52821649995,675200.2141300002,687777.9199430001,736503.5173849999,0.0,6,0,0.09102520426937744,0.0,1967.3352300000001,2474342.9,0,540,0,True,False,False,free_real_approx_vendor_159915_official_SSE_others
HE-vol_drawdown_cash-029,vol_drawdown_cash,134,328210.19727999996,340138.0131195,656697.4164799999,674344.4661005001,741525.806755,0.0,6,0,0.1399593765445093,0.15217391304347827,2670.74939,3532380.099999999,504,540,0,True,False,False,free_real_approx_vendor_159915_official_SSE_others
HE-vol_drawdown_cash-030,vol_drawdown_cash,134,339448.87535000005,349514.93381449993,694031.2997999999,700790.6774060002,734237.2395549996,0.0,6,0,0.0529129569386424,0.0,1742.781,2138843.8000000003,0,540,0,True,False,False,free_real_approx_vendor_159915_official_SSE_others
HE-vol_drawdown_cash-031,vol_drawdown_cash,134,324267.41878,341881.3447184999,675200.2141300002,686901.4165175,735882.2580350002,0.0,6,0,0.09104592744251427,0.0,2833.24266,3773211.600000001,0,540,0,True,False,False,free_real_approx_vendor_159915_official_SSE_others
HE-vol_drawdown_cash-032,vol_drawdown_cash,134,309774.41631,334317.953161,656697.4164799999,673126.5163260001,739906.9589,0.0,6,0,0.13873205333057848,0.2826086956521739,3901.01353,5324600.699999998,1131,540,0,True,False,False,free_real_approx_vendor_159915_official_SSE_others
HE-vol_drawdown_cash-033,vol_drawdown_cash,134,345582.5349800001,351271.27,694031.2997999999,700272.7653874999,734816.4922499998,0.0,6,0,0.05291290441701957,0.0,1251.2597500000002,1391862.6,0,540,0,True,False,False,free_real_approx_vendor_159915_official_SSE_others
HE-vol_drawdown_cash-034,vol_drawdown_cash,134,335242.3703199999,344932.9967825,675200.2141300002,685949.7326084999,736042.4774350002,0.0,6,0,0.09102897589674463,0.0,1970.21689,2489396.8,0,540,0,True,False,False,free_real_approx_vendor_159915_official_SSE_others
HE-vol_drawdown_cash-035,vol_drawdown_cash,134,325097.6276700001,338686.30004349997,656697.4164799999,671784.7103425,740994.707985,0.0,6,0,0.1395265211118013,0.21978021978021978,2657.0952100000004,3523661.1000000006,791,540,0,True,False,False,free_real_approx_vendor_159915_official_SSE_others
