page,records,sha256,http_status
1,50,37f3099ecc77396dcabec81d2228952ff902498cfd28c5f7bb6e22bbaafe13fa,200
2,50,ae78fc0b6855b30a88819b8fd01327d38b575a3a5e97017fa5853428c24fefc0,200
3,50,4cfbb2116ebf15772e52a1fa5cf3a53899c1c46fa2fdec196279ea67d6154ba0,200
4,50,dc740af7694291816b2a8d8448edbe12d6b92ce9cb07e89d0146e43254dc59e4,200
5,50,d3581e9d7c54246361bd930dcab129c34f6e045afe8f51031ed56be07abde18f,200
6,50,389bde329c84d6116036c802ed96ed8a936cdcd29eea424486acec334ee53c8e,200
7,50,bf7d39ed66332651ae829ad74fc49921fa22663a6a98fbda6b99a487fc7656c4,200
8,50,576f144dd0363e48a2b44bc40b1b6cd66477996e411be25c11773229472e1c13,200
9,50,09fdd9e9a23b6a13cd43082fce027c4bb6d1f3081e7d1ce056f759f11bfda4f0,200
10,10,53061517538f2a57c2e987995367f051be6b224e84d2d22c5f32ed92b1cd5921,200
