spec_id,deposit_timing,cohort_start,w12,w24,max_drawdown,fees,turnover,unexecutable_rate,funds_insufficient,lot_rounding,suspension_or_missing_price,target_change_unfilled,asset_identity_passed,daily_ledger_sha256,daily_ledger_rows
S4SD-0070,beginning,2014-07-23,485192.15552,1004469.2776699997,-0.21173875055981706,3497.222329999999,4996031.899999999,0.3125,0,0,0,10,True,6c22f8bfaa170133dfaecfe41639d5fb857bc1c513772f83cb07158a3b81d6e1,117728
S4SD-0070,beginning,2014-08-01,439788.55089,954949.85116,-0.21165622928905237,3081.14884,4401641.199999998,0.3225806451612903,0,0,0,10,True,6c22f8bfaa170133dfaecfe41639d5fb857bc1c513772f83cb07158a3b81d6e1,117728
S4SD-0070,beginning,2014-09-01,426657.58524,917485.9673299999,-0.21182498742775702,2698.23267,3854618.1,0.4,0,0,0,12,True,6c22f8bfaa170133dfaecfe41639d5fb857bc1c513772f83cb07158a3b81d6e1,117728
S4SD-0070,beginning,2014-10-08,410594.47555,898684.15712,-0.2116207912832787,2369.44288,3384918.4000000004,0.3448275862068966,0,0,0,10,True,6c22f8bfaa170133dfaecfe41639d5fb857bc1c513772f83cb07158a3b81d6e1,117728
S4SD-0070,beginning,2014-11-03,425690.40854,899459.5064699999,-0.21166111054302195,2093.59353,2990847.9,0.4,0,0,0,12,True,6c22f8bfaa170133dfaecfe41639d5fb857bc1c513772f83cb07158a3b81d6e1,117728
S4SD-0070,beginning,2014-12-01,381206.65672999993,795450.72358,-0.21152933897451742,1781.2764200000001,2544680.6,0.3793103448275862,0,0,0,11,True,6c22f8bfaa170133dfaecfe41639d5fb857bc1c513772f83cb07158a3b81d6e1,117728
S4SD-0070,beginning,2015-01-05,404772.29971,803562.4678999999,-0.21157696937674786,2623.5321000000004,3747903.0,0.36666666666666664,0,0,0,11,True,6c22f8bfaa170133dfaecfe41639d5fb857bc1c513772f83cb07158a3b81d6e1,117728
S4SD-0070,beginning,2015-02-02,404992.04240999994,768787.1972699998,-0.21129566653105214,2376.50273,3395003.9,0.3793103448275862,0,0,0,11,True,6c22f8bfaa170133dfaecfe41639d5fb857bc1c513772f83cb07158a3b81d6e1,117728
S4SD-0070,beginning,2015-03-02,436716.78268,790969.0914200001,-0.21175662762618375,2160.8085799999994,3086869.3999999994,0.3793103448275862,0,0,0,11,True,6c22f8bfaa170133dfaecfe41639d5fb857bc1c513772f83cb07158a3b81d6e1,117728
S4SD-0070,beginning,2015-04-01,387740.52375999995,751432.00827,-0.21113382805712588,1961.59173,2802273.9,0.3333333333333333,0,0,0,9,True,6c22f8bfaa170133dfaecfe41639d5fb857bc1c513772f83cb07158a3b81d6e1,117728
S4SD-0070,beginning,2015-05-04,434234.9189299999,766354.1172599999,-0.2111007727808959,2875.68274,4108118.1999999997,0.3448275862068966,0,0,0,10,True,6c22f8bfaa170133dfaecfe41639d5fb857bc1c513772f83cb07158a3b81d6e1,117728
S4SD-0070,beginning,2015-06-01,382853.13337000005,731471.03276,-0.21114575005362834,2678.8672400000005,3826953.1999999993,0.32142857142857145,0,0,0,9,True,6c22f8bfaa170133dfaecfe41639d5fb857bc1c513772f83cb07158a3b81d6e1,117728
S4SD-0070,beginning,2015-07-01,417416.05496,714036.6332300002,-0.07432482451174294,2518.86677,3598381.099999999,0.37037037037037035,0,0,0,10,True,6c22f8bfaa170133dfaecfe41639d5fb857bc1c513772f83cb07158a3b81d6e1,117728
S4SD-0070,beginning,2015-08-03,451674.36899999995,748230.9401599999,-0.07431265021724065,2399.8598400000005,3428371.1999999997,0.35714285714285715,0,0,0,10,True,6c22f8bfaa170133dfaecfe41639d5fb857bc1c513772f83cb07158a3b81d6e1,117728
S4SD-0070,beginning,2015-09-01,404439.23575,719167.4387899998,-0.07433562017321438,2239.46121,3199230.3,0.2962962962962963,0,0,0,8,True,6c22f8bfaa170133dfaecfe41639d5fb857bc1c513772f83cb07158a3b81d6e1,117728
S4SD-0070,beginning,2015-10-08,401192.6401,712354.2869199999,-0.07432615236088447,2099.51308,2999304.4,0.37037037037037035,0,0,0,10,True,6c22f8bfaa170133dfaecfe41639d5fb857bc1c513772f83cb07158a3b81d6e1,117728
S4SD-0070,beginning,2015-11-02,420012.87239,732013.7065200001,-0.07431738394428966,2935.29348,4193276.3999999994,0.3103448275862069,0,0,0,9,True,6c22f8bfaa170133dfaecfe41639d5fb857bc1c513772f83cb07158a3b81d6e1,117728
S4SD-0070,beginning,2015-12-01,364040.67376000003,699186.9873200003,-0.07431033518654817,2729.1126799999997,3898732.3999999994,0.2857142857142857,0,0,0,8,True,6c22f8bfaa170133dfaecfe41639d5fb857bc1c513772f83cb07158a3b81d6e1,117728
S4SD-0070,beginning,2016-01-04,387417.85646999994,731373.2819500001,-0.07433153012092686,3539.4180499999998,5056311.5,0.3333333333333333,0,0,0,10,True,6c22f8bfaa170133dfaecfe41639d5fb857bc1c513772f83cb07158a3b81d6e1,117728
S4SD-0070,beginning,2016-02-01,354637.94969000004,699608.2814200001,-0.0743028721983865,3303.41858,4719169.4,0.32142857142857145,0,0,0,9,True,6c22f8bfaa170133dfaecfe41639d5fb857bc1c513772f83cb07158a3b81d6e1,117728
S4SD-0070,beginning,2016-03-01,352103.67286,686378.2412400002,-0.07433878821414741,3119.35876,4456226.8,0.32142857142857145,0,0,0,9,True,6c22f8bfaa170133dfaecfe41639d5fb857bc1c513772f83cb07158a3b81d6e1,117728
S4SD-0070,beginning,2016-04-01,350941.92191999994,689847.6883500003,-0.07428545577416656,3878.8116499999996,5541159.500000001,0.2413793103448276,0,0,0,7,True,6c22f8bfaa170133dfaecfe41639d5fb857bc1c513772f83cb07158a3b81d6e1,117728
S4SD-0070,beginning,2016-05-03,376595.27426,726786.2443900001,-0.0743169952229803,3675.85561,5251222.300000001,0.23333333333333334,0,0,0,7,True,6c22f8bfaa170133dfaecfe41639d5fb857bc1c513772f83cb07158a3b81d6e1,117728
S4SD-0070,beginning,2016-06-01,346042.8104000001,697680.5693300003,-0.07431571755624078,3447.3306700000003,4924758.099999999,0.27586206896551724,0,0,0,8,True,6c22f8bfaa170133dfaecfe41639d5fb857bc1c513772f83cb07158a3b81d6e1,117728
S4SD-0070,beginning,2016-07-01,338202.58698,702492.5274,-0.07431712108451716,3260.472599999999,4657818.0,0.20689655172413793,0,0,0,6,True,6c22f8bfaa170133dfaecfe41639d5fb857bc1c513772f83cb07158a3b81d6e1,117728
S4SD-0070,beginning,2016-08-01,345048.39941,708975.4329200002,-0.07424342548515073,3052.36708,4360524.399999999,0.1724137931034483,0,0,0,5,True,6c22f8bfaa170133dfaecfe41639d5fb857bc1c513772f83cb07158a3b81d6e1,117728
S4SD-0070,beginning,2016-09-01,350081.31343000004,712551.0437500002,-0.07422391446072696,2876.25625,4108937.4999999995,0.1724137931034483,0,0,0,5,True,6c22f8bfaa170133dfaecfe41639d5fb857bc1c513772f83cb07158a3b81d6e1,117728
S4SD-0070,beginning,2016-10-10,378762.74655000004,748547.48175,-0.0742887162205782,2691.9182499999997,3845597.4999999995,0.13333333333333333,0,0,0,4,True,6c22f8bfaa170133dfaecfe41639d5fb857bc1c513772f83cb07158a3b81d6e1,117728
S4SD-0070,beginning,2016-11-01,348902.356,722143.3725700001,-0.0741183255173461,2495.02743,3564324.9000000004,0.1724137931034483,0,0,0,5,True,6c22f8bfaa170133dfaecfe41639d5fb857bc1c513772f83cb07158a3b81d6e1,117728
S4SD-0070,beginning,2016-12-01,351416.00109,727108.48032,-0.03856416786830241,2286.01968,3265742.4,0.06896551724137931,0,0,0,2,True,6c22f8bfaa170133dfaecfe41639d5fb857bc1c513772f83cb07158a3b81d6e1,117728
S4SD-0070,beginning,2017-01-03,383388.44200000004,787384.451,-0.038542276432315115,3073.0489999999995,4390070.0,0.16666666666666666,0,0,0,5,True,6c22f8bfaa170133dfaecfe41639d5fb857bc1c513772f83cb07158a3b81d6e1,117728
S4SD-0070,beginning,2017-02-03,385348.24335999996,790389.1485499998,-0.03858190032000164,2883.3514499999997,4119073.4999999995,0.2,0,0,0,6,True,6c22f8bfaa170133dfaecfe41639d5fb857bc1c513772f83cb07158a3b81d6e1,117728
S4SD-0070,beginning,2017-03-01,351296.22087,754627.27517,-0.03851332148247455,2641.5248299999994,3773606.900000001,0.13793103448275862,0,0,0,4,True,6c22f8bfaa170133dfaecfe41639d5fb857bc1c513772f83cb07158a3b81d6e1,117728
S4SD-0070,beginning,2017-04-05,384268.84871000017,774628.93489,-0.03849893336812016,2472.9651099999996,3532807.3000000003,0.13333333333333333,0,0,0,4,True,6c22f8bfaa170133dfaecfe41639d5fb857bc1c513772f83cb07158a3b81d6e1,117728
S4SD-0070,beginning,2017-05-02,358639.13575,738510.6280500002,-0.03856662259920007,2245.8719499999997,3208388.5,0.14285714285714285,0,0,0,4,True,6c22f8bfaa170133dfaecfe41639d5fb857bc1c513772f83cb07158a3b81d6e1,117728
S4SD-0070,beginning,2017-06-01,358800.16667000006,764750.42071,-0.03830215315023555,2085.07929,2978684.7,0.21428571428571427,0,0,0,6,True,6c22f8bfaa170133dfaecfe41639d5fb857bc1c513772f83cb07158a3b81d6e1,117728
S4SD-0070,beginning,2017-07-03,391614.23135,842665.852,-0.027215659525609892,1944.348,2777640.0,0.1724137931034483,0,0,0,5,True,6c22f8bfaa170133dfaecfe41639d5fb857bc1c513772f83cb07158a3b81d6e1,117728
S4SD-0070,beginning,2017-08-01,363191.68239000003,833784.2667,-0.02721274072530988,1745.5333,2493619.0000000005,0.17857142857142858,0,0,0,5,True,6c22f8bfaa170133dfaecfe41639d5fb857bc1c513772f83cb07158a3b81d6e1,117728
S4SD-0070,beginning,2017-09-01,363114.73366,918488.2570999999,-0.0272111475159712,1568.9428999999998,2241347.0,0.14285714285714285,0,0,0,4,True,6c22f8bfaa170133dfaecfe41639d5fb857bc1c513772f83cb07158a3b81d6e1,117728
S4SD-0070,beginning,2017-10-09,395200.69588,909243.42369,-0.042306671619801395,1446.07631,2065823.2999999998,0.14285714285714285,0,0,0,4,True,6c22f8bfaa170133dfaecfe41639d5fb857bc1c513772f83cb07158a3b81d6e1,117728
S4SD-0070,beginning,2017-11-01,365889.07364,864474.46444,-0.04231409344873582,1289.4355599999997,1842050.8,0.14814814814814814,0,0,0,4,True,6c22f8bfaa170133dfaecfe41639d5fb857bc1c513772f83cb07158a3b81d6e1,117728
S4SD-0070,beginning,2017-12-01,366535.87614,831196.9430999999,-0.04535123652762574,1154.5569,1649367.0000000002,0.14814814814814814,0,0,0,4,True,6c22f8bfaa170133dfaecfe41639d5fb857bc1c513772f83cb07158a3b81d6e1,117728
S4SD-0070,beginning,2018-01-02,379322.93987999996,854399.6958199999,-0.04533734180890203,1051.10418,1501577.4,0.15384615384615385,0,0,0,4,True,6c22f8bfaa170133dfaecfe41639d5fb857bc1c513772f83cb07158a3b81d6e1,117728
S4SD-0070,beginning,2018-02-01,379080.3017999999,858008.29369,-0.04533595786178335,961.60631,1373723.3,0.19230769230769232,0,0,0,5,True,6c22f8bfaa170133dfaecfe41639d5fb857bc1c513772f83cb07158a3b81d6e1,117728
S4SD-0070,beginning,2018-03-01,376587.01568,896479.7396800001,-0.045337846595982056,872.66032,1246657.6,0.2,0,0,0,5,True,6c22f8bfaa170133dfaecfe41639d5fb857bc1c513772f83cb07158a3b81d6e1,117728
S4SD-0070,beginning,2018-04-02,398385.05159,910753.1072300001,-0.045351057125864624,3258.1927699999997,4654561.1,0.21428571428571427,0,0,0,6,True,6c22f8bfaa170133dfaecfe41639d5fb857bc1c513772f83cb07158a3b81d6e1,117728
S4SD-0070,beginning,2018-05-02,365341.31771999993,923636.4020299998,-0.045348580151761575,3063.8979699999995,4376997.1,0.2222222222222222,0,0,0,6,True,6c22f8bfaa170133dfaecfe41639d5fb857bc1c513772f83cb07158a3b81d6e1,117728
S4SD-0070,beginning,2018-06-01,377144.53864000004,939373.2160000001,-0.045346018913971275,2907.1839999999997,4153120.0,0.2222222222222222,0,0,0,6,True,6c22f8bfaa170133dfaecfe41639d5fb857bc1c513772f83cb07158a3b81d6e1,117728
S4SD-0070,beginning,2018-07-02,424604.34832,972908.67255,-0.04534752701628897,2789.32745,3984753.5,0.2857142857142857,0,0,0,8,True,6c22f8bfaa170133dfaecfe41639d5fb857bc1c513772f83cb07158a3b81d6e1,117728
S4SD-0070,beginning,2018-08-01,407345.81561,993156.8681399999,-0.04533072321738074,2596.13186,3708759.8000000003,0.2962962962962963,0,0,0,8,True,6c22f8bfaa170133dfaecfe41639d5fb857bc1c513772f83cb07158a3b81d6e1,117728
S4SD-0070,beginning,2018-09-03,474525.82294,984149.52774,-0.0886145486060298,2461.57226,3516531.8000000003,0.32142857142857145,0,0,0,9,True,6c22f8bfaa170133dfaecfe41639d5fb857bc1c513772f83cb07158a3b81d6e1,117728
S4SD-0070,beginning,2018-10-08,423232.17180999997,903051.25426,-0.08861871233362473,2301.7457400000003,3288208.2,0.3333333333333333,0,0,0,9,True,6c22f8bfaa170133dfaecfe41639d5fb857bc1c513772f83cb07158a3b81d6e1,117728
S4SD-0070,beginning,2018-11-01,411515.37431,871010.2796599999,-0.08860555992541963,2146.8203399999998,3066886.2000000007,0.3333333333333333,0,0,0,9,True,6c22f8bfaa170133dfaecfe41639d5fb857bc1c513772f83cb07158a3b81d6e1,117728
S4SD-0070,beginning,2018-12-03,422794.19833,828345.94105,-0.0932219508493054,3143.5589500000006,4490798.5,0.35714285714285715,0,0,0,10,True,6c22f8bfaa170133dfaecfe41639d5fb857bc1c513772f83cb07158a3b81d6e1,117728
S4SD-0070,beginning,2019-01-02,400385.15353,791856.3984499999,-0.09320709834432905,2944.7015499999998,4206716.5,0.3333333333333333,0,0,0,9,True,6c22f8bfaa170133dfaecfe41639d5fb857bc1c513772f83cb07158a3b81d6e1,117728
S4SD-0070,beginning,2019-02-01,399891.3836,782933.78885,-0.09322380420881282,2783.51115,3976444.5,0.2962962962962963,0,0,0,8,True,6c22f8bfaa170133dfaecfe41639d5fb857bc1c513772f83cb07158a3b81d6e1,117728
S4SD-0070,beginning,2019-03-01,415079.64846,774150.59048,-0.09321146099370503,2622.20952,3746013.599999999,0.3333333333333333,0,0,0,9,True,6c22f8bfaa170133dfaecfe41639d5fb857bc1c513772f83cb07158a3b81d6e1,117728
S4SD-0070,beginning,2019-04-01,402386.01373999997,767256.1044699999,-0.09321255529319017,2460.99553,3515707.9,0.2962962962962963,0,0,0,8,True,6c22f8bfaa170133dfaecfe41639d5fb857bc1c513772f83cb07158a3b81d6e1,117728
S4SD-0070,beginning,2019-05-06,420842.2344199999,761150.1445599999,-0.09319419601917545,2307.2554399999995,3296079.2,0.25925925925925924,0,0,0,7,True,6c22f8bfaa170133dfaecfe41639d5fb857bc1c513772f83cb07158a3b81d6e1,117728
S4SD-0070,beginning,2019-06-03,455394.79253,772265.8343199999,-0.09320722023270556,3217.5656799999997,4596522.399999999,0.3103448275862069,0,0,0,9,True,6c22f8bfaa170133dfaecfe41639d5fb857bc1c513772f83cb07158a3b81d6e1,117728
S4SD-0070,beginning,2019-07-01,417223.66543000005,693437.1735800001,-0.09322533595698301,2988.42642,4269180.6,0.2857142857142857,0,0,0,8,True,6c22f8bfaa170133dfaecfe41639d5fb857bc1c513772f83cb07158a3b81d6e1,117728
S4SD-0070,beginning,2019-08-01,439254.76679,700227.8699,-0.09318362491715848,3712.1301000000003,5303043.0,0.3103448275862069,0,0,0,9,True,6c22f8bfaa170133dfaecfe41639d5fb857bc1c513772f83cb07158a3b81d6e1,117728
S4SD-0070,beginning,2019-09-02,453379.0905599999,725829.1129300001,-0.09316856393750494,4447.38707,6353410.1,0.2903225806451613,0,0,0,9,True,6c22f8bfaa170133dfaecfe41639d5fb857bc1c513772f83cb07158a3b81d6e1,117728
S4SD-0070,beginning,2019-10-08,397490.10045,667495.3391999999,-0.09318718692386752,4176.1608,5965944.0,0.3333333333333333,0,0,0,10,True,6c22f8bfaa170133dfaecfe41639d5fb857bc1c513772f83cb07158a3b81d6e1,117728
S4SD-0070,beginning,2019-11-01,384164.30329999997,669387.3237999999,-0.09319359531356086,4781.6762,6830966.000000001,0.2903225806451613,0,0,0,9,True,6c22f8bfaa170133dfaecfe41639d5fb857bc1c513772f83cb07158a3b81d6e1,117728
S4SD-0070,beginning,2019-12-02,382914.24593000003,703038.1474199998,-0.09318425713327505,4527.45258,6467789.399999999,0.3125,0,0,0,10,True,6c22f8bfaa170133dfaecfe41639d5fb857bc1c513772f83cb07158a3b81d6e1,117728
S4SD-0070,beginning,2020-01-02,350934.38016,676673.5708699998,-0.09314364243606965,4163.4291299999995,5947755.9,0.2903225806451613,0,0,0,9,True,6c22f8bfaa170133dfaecfe41639d5fb857bc1c513772f83cb07158a3b81d6e1,117728
S4SD-0070,beginning,2020-02-03,378629.49199999997,680688.7924999999,-0.09311834121380835,3848.4075,5497724.999999999,0.25806451612903225,0,0,0,8,True,6c22f8bfaa170133dfaecfe41639d5fb857bc1c513772f83cb07158a3b81d6e1,117728
S4SD-0070,beginning,2020-03-02,376515.51513,708995.38073,-0.09310981184215206,4505.519270000001,6436456.1000000015,0.21875,0,0,0,7,True,6c22f8bfaa170133dfaecfe41639d5fb857bc1c513772f83cb07158a3b81d6e1,117728
S4SD-0070,beginning,2020-04-01,346142.50755000004,687456.5217800002,-0.09313055516757629,4218.37822,6026254.599999999,0.3,0,0,0,9,True,6c22f8bfaa170133dfaecfe41639d5fb857bc1c513772f83cb07158a3b81d6e1,117728
S4SD-0070,beginning,2020-05-06,346610.41611,734783.16894,-0.09319272047727523,3956.831060000001,5652615.800000001,0.25806451612903225,0,0,0,8,True,6c22f8bfaa170133dfaecfe41639d5fb857bc1c513772f83cb07158a3b81d6e1,117728
S4SD-0070,beginning,2020-06-01,347934.09001,696914.3646999999,-0.0931771833230548,3713.1353,5304479.0,0.23333333333333334,0,0,0,7,True,6c22f8bfaa170133dfaecfe41639d5fb857bc1c513772f83cb07158a3b81d6e1,117728
S4SD-0070,beginning,2020-07-01,325800.43825000006,689216.32068,-0.0929813019069412,3477.479320000001,4967827.600000001,0.3,0,0,0,9,True,6c22f8bfaa170133dfaecfe41639d5fb857bc1c513772f83cb07158a3b81d6e1,117728
S4SD-0070,beginning,2020-08-03,365719.03168,714936.52903,-0.0930055411774211,3280.4709700000003,4686387.1,0.22580645161290322,0,0,0,7,True,6c22f8bfaa170133dfaecfe41639d5fb857bc1c513772f83cb07158a3b81d6e1,117728
S4SD-0070,beginning,2020-09-01,340330.82094,687731.52152,-0.09300711018786123,3050.4784799999998,4357826.399999999,0.26666666666666666,0,0,0,8,True,6c22f8bfaa170133dfaecfe41639d5fb857bc1c513772f83cb07158a3b81d6e1,117728
S4SD-0070,beginning,2020-10-09,363045.7251300001,684463.9203900002,-0.09306554800240874,3759.379610000001,5370542.300000001,0.16129032258064516,0,0,0,5,True,6c22f8bfaa170133dfaecfe41639d5fb857bc1c513772f83cb07158a3b81d6e1,117728
S4SD-0070,beginning,2020-11-02,366482.48288,722963.9512799999,-0.09251844231193407,3521.74872,5031069.6,0.1875,0,0,0,6,True,6c22f8bfaa170133dfaecfe41639d5fb857bc1c513772f83cb07158a3b81d6e1,117728
S4SD-0070,beginning,2020-12-01,342587.78138999996,691483.7577300001,-0.069699659476545,3212.5422700000004,4589346.1,0.16666666666666666,0,0,0,5,True,6c22f8bfaa170133dfaecfe41639d5fb857bc1c513772f83cb07158a3b81d6e1,117728
S4SD-0070,beginning,2021-01-04,347122.29305000004,729899.6337100002,-0.06972659338162523,3934.0662900000007,5620094.699999998,0.21875,0,0,0,7,True,6c22f8bfaa170133dfaecfe41639d5fb857bc1c513772f83cb07158a3b81d6e1,117728
S4SD-0070,beginning,2021-02-01,351441.78496,716282.9142899999,-0.0697239822634188,3619.18571,5170265.300000001,0.22580645161290322,0,0,0,7,True,6c22f8bfaa170133dfaecfe41639d5fb857bc1c513772f83cb07158a3b81d6e1,117728
S4SD-0070,beginning,2021-03-01,351848.94329,708110.4177500003,-0.06969313988335091,3342.5822499999995,4775117.5,0.2903225806451613,0,0,0,9,True,6c22f8bfaa170133dfaecfe41639d5fb857bc1c513772f83cb07158a3b81d6e1,117728
S4SD-0070,beginning,2021-04-01,358579.63995999994,757012.52469,-0.0695866046755742,3066.97531,4381393.3,0.2903225806451613,0,0,0,9,True,6c22f8bfaa170133dfaecfe41639d5fb857bc1c513772f83cb07158a3b81d6e1,117728
S4SD-0070,beginning,2021-05-06,398789.15833,810651.73398,-0.06970057235384719,2809.6660199999997,4013808.6000000006,0.25,0,0,0,8,True,6c22f8bfaa170133dfaecfe41639d5fb857bc1c513772f83cb07158a3b81d6e1,117728
S4SD-0070,beginning,2021-06-01,364825.40966999996,771231.91159,-0.06973488863259525,2531.2884099999997,3616126.3000000003,0.23333333333333334,0,0,0,7,True,6c22f8bfaa170133dfaecfe41639d5fb857bc1c513772f83cb07158a3b81d6e1,117728
S4SD-0070,beginning,2021-07-01,360965.7843899999,768255.93554,-0.06523366524347995,2273.8644600000002,3248377.8000000007,0.1724137931034483,0,0,0,5,True,6c22f8bfaa170133dfaecfe41639d5fb857bc1c513772f83cb07158a3b81d6e1,117728
S4SD-0070,beginning,2021-08-02,383961.34211,809662.81013,-0.06519425368280574,2107.2898699999996,3010414.1000000006,0.23333333333333334,0,0,0,7,True,6c22f8bfaa170133dfaecfe41639d5fb857bc1c513772f83cb07158a3b81d6e1,117728
S4SD-0070,beginning,2021-09-01,356246.0904,789206.51722,-0.06516459302361344,1899.0827800000002,2712975.4,0.25,0,0,0,7,True,6c22f8bfaa170133dfaecfe41639d5fb857bc1c513772f83cb07158a3b81d6e1,117728
S4SD-0070,beginning,2021-10-08,352791.54508,776574.93855,-0.06524532254332038,1710.3614499999999,2443373.5,0.25925925925925924,0,0,0,7,True,6c22f8bfaa170133dfaecfe41639d5fb857bc1c513772f83cb07158a3b81d6e1,117728
S4SD-0070,beginning,2021-11-01,355315.59742000006,805436.97279,-0.06515145783617993,1597.12721,2281610.3000000003,0.2962962962962963,0,0,0,8,True,6c22f8bfaa170133dfaecfe41639d5fb857bc1c513772f83cb07158a3b81d6e1,117728
S4SD-0070,beginning,2021-12-01,352030.97736,795249.78725,-0.0650849344021881,1483.11275,2118732.5,0.2962962962962963,0,0,0,8,True,6c22f8bfaa170133dfaecfe41639d5fb857bc1c513772f83cb07158a3b81d6e1,117728
S4SD-0070,beginning,2022-01-04,385468.32446,833590.49253,-0.06500043515206533,1373.1074699999997,1961582.1,0.35714285714285715,0,0,0,10,True,6c22f8bfaa170133dfaecfe41639d5fb857bc1c513772f83cb07158a3b81d6e1,117728
S4SD-0070,beginning,2022-02-07,388117.91988,823693.8163,-0.06509801364339807,1242.2837000000002,1774690.9999999998,0.35714285714285715,0,0,0,10,True,6c22f8bfaa170133dfaecfe41639d5fb857bc1c513772f83cb07158a3b81d6e1,117728
S4SD-0070,beginning,2022-03-01,358132.70002999995,791822.20562,-0.06496969971633848,1108.4943799999999,1583563.4,0.34615384615384615,0,0,0,9,True,6c22f8bfaa170133dfaecfe41639d5fb857bc1c513772f83cb07158a3b81d6e1,117728
S4SD-0070,beginning,2022-04-01,381698.27378,868091.14878,-0.052956072258478426,1030.85122,1472644.5999999999,0.38461538461538464,0,0,0,10,True,6c22f8bfaa170133dfaecfe41639d5fb857bc1c513772f83cb07158a3b81d6e1,117728
S4SD-0070,beginning,2022-05-05,420528.65585999994,887328.6935899999,-0.05285824232044223,934.4064099999999,1334866.3,0.38461538461538464,0,0,0,10,True,6c22f8bfaa170133dfaecfe41639d5fb857bc1c513772f83cb07158a3b81d6e1,117728
S4SD-0070,beginning,2022-06-01,386444.47747,889397.86413,-0.05284103826434483,860.4358699999998,1229194.0999999996,0.46153846153846156,0,0,0,12,True,6c22f8bfaa170133dfaecfe41639d5fb857bc1c513772f83cb07158a3b81d6e1,117728
S4SD-0070,beginning,2022-07-01,383116.07580999995,872963.9675599999,-0.052515338528490885,781.33244,1116189.2,0.38461538461538464,0,0,0,10,True,6c22f8bfaa170133dfaecfe41639d5fb857bc1c513772f83cb07158a3b81d6e1,117728
S4SD-0070,beginning,2022-08-01,385951.95356,886294.56487,-0.0492236933509681,706.5351299999999,1009335.8999999999,0.38461538461538464,0,0,0,10,True,6c22f8bfaa170133dfaecfe41639d5fb857bc1c513772f83cb07158a3b81d6e1,117728
S4SD-0070,beginning,2022-09-01,390265.37726999994,889113.49094,-0.04923851824792336,609.1090600000001,870155.7999999999,0.36,0,0,0,9,True,6c22f8bfaa170133dfaecfe41639d5fb857bc1c513772f83cb07158a3b81d6e1,117728
S4SD-0070,beginning,2022-10-10,408914.09580999997,926079.7698499999,-0.04923762278758326,596.1301500000001,851614.5000000001,0.38461538461538464,0,0,0,10,True,6c22f8bfaa170133dfaecfe41639d5fb857bc1c513772f83cb07158a3b81d6e1,117728
S4SD-0070,beginning,2022-11-01,393873.30759,955840.08662,-0.04921739212591958,539.5133800000002,770733.4000000003,0.4,0,0,0,10,True,6c22f8bfaa170133dfaecfe41639d5fb857bc1c513772f83cb07158a3b81d6e1,117728
S4SD-0070,beginning,2022-12-01,386640.74902000005,912601.27382,-0.06128197635318744,503.32618,719037.4,0.4166666666666667,0,0,0,10,True,6c22f8bfaa170133dfaecfe41639d5fb857bc1c513772f83cb07158a3b81d6e1,117728
S4SD-0070,beginning,2023-01-03,418287.64069000003,936193.9041400001,-0.06127531841240241,524.49586,749279.8,0.4,0,0,0,10,True,6c22f8bfaa170133dfaecfe41639d5fb857bc1c513772f83cb07158a3b81d6e1,117728
S4SD-0070,beginning,2023-02-01,382110.94597999996,924679.55936,-0.06128787154427329,503.2406400000001,718915.2,0.4583333333333333,0,0,0,11,True,6c22f8bfaa170133dfaecfe41639d5fb857bc1c513772f83cb07158a3b81d6e1,117728
S4SD-0070,beginning,2023-03-01,377456.66040000005,943648.72542,-0.06130448291178914,503.47457999999995,719249.4,0.5416666666666666,0,0,0,13,True,6c22f8bfaa170133dfaecfe41639d5fb857bc1c513772f83cb07158a3b81d6e1,117728
S4SD-0070,beginning,2023-04-03,443772.74267,1039639.686,-0.06126737305780561,523.614,748020.0,0.44,0,0,0,11,True,6c22f8bfaa170133dfaecfe41639d5fb857bc1c513772f83cb07158a3b81d6e1,117728
S4SD-0070,beginning,2023-05-04,417565.5656699999,1052484.27211,-0.06469500739459,502.7278900000002,718182.7,0.5,0,0,0,12,True,6c22f8bfaa170133dfaecfe41639d5fb857bc1c513772f83cb07158a3b81d6e1,117728
S4SD-0070,beginning,2023-06-01,416416.41388,1017076.4606,-0.08914899471158233,503.53940000000006,719341.9999999999,0.4166666666666667,0,0,0,10,True,6c22f8bfaa170133dfaecfe41639d5fb857bc1c513772f83cb07158a3b81d6e1,117728
S4SD-0070,beginning,2023-07-03,437068.56010999996,1029492.74068,-0.08771024035528752,524.45932,749227.5999999999,0.56,0,0,0,14,True,6c22f8bfaa170133dfaecfe41639d5fb857bc1c513772f83cb07158a3b81d6e1,117728
S4SD-0070,beginning,2023-08-01,410407.44915,972902.2003499999,-0.08614267589123459,503.29965000000004,718999.4999999999,0.625,0,0,0,15,True,6c22f8bfaa170133dfaecfe41639d5fb857bc1c513772f83cb07158a3b81d6e1,117728
S4SD-0070,beginning,2023-09-01,409622.65832000005,970796.07959,-0.08443498415890871,503.22041,718886.2999999999,0.4583333333333333,0,0,0,11,True,6c22f8bfaa170133dfaecfe41639d5fb857bc1c513772f83cb07158a3b81d6e1,117728
S4SD-0070,beginning,2023-10-09,446790.65979,1058607.82447,-0.08250405609733946,503.3755300000001,719107.9,0.5,0,0,0,12,True,6c22f8bfaa170133dfaecfe41639d5fb857bc1c513772f83cb07158a3b81d6e1,117728
S4SD-0070,beginning,2023-11-01,435560.46767,1086621.64613,-0.10143581466852514,503.25387000000006,718934.1,0.5833333333333334,0,0,0,14,True,6c22f8bfaa170133dfaecfe41639d5fb857bc1c513772f83cb07158a3b81d6e1,117728
S4SD-0070,beginning,2023-12-01,413599.99841,1092346.5280300002,-0.10144544273291234,503.17197000000004,718817.0999999999,0.5833333333333334,0,0,0,14,True,6c22f8bfaa170133dfaecfe41639d5fb857bc1c513772f83cb07158a3b81d6e1,117728
S4SD-0070,beginning,2024-01-02,405642.59337,1090222.75437,-0.10147494869795348,503.54563,719350.9,0.5416666666666666,0,0,0,13,True,6c22f8bfaa170133dfaecfe41639d5fb857bc1c513772f83cb07158a3b81d6e1,117728
S4SD-0070,beginning,2024-02-01,415400.11646,1254282.90284,-0.10143558702589106,503.39716,719138.7999999999,0.625,0,0,0,15,True,6c22f8bfaa170133dfaecfe41639d5fb857bc1c513772f83cb07158a3b81d6e1,117728
S4SD-0070,beginning,2024-03-01,420317.79449,1208264.57012,-0.14412440938018523,503.52988,719328.4,0.5416666666666666,0,0,0,13,True,6c22f8bfaa170133dfaecfe41639d5fb857bc1c513772f83cb07158a3b81d6e1,117728
S4SD-0070,beginning,2024-04-01,444861.78682,1035077.7886,-0.21683496204651853,503.5114000000001,719301.9999999999,0.5833333333333334,0,0,0,14,True,6c22f8bfaa170133dfaecfe41639d5fb857bc1c513772f83cb07158a3b81d6e1,117728
S4SD-0070,beginning,2024-05-06,462373.34183,1005926.1197100001,-0.21682199627881715,503.38029,719114.6999999998,0.625,0,0,0,15,True,6c22f8bfaa170133dfaecfe41639d5fb857bc1c513772f83cb07158a3b81d6e1,117728
S4SD-0070,beginning,2024-06-03,442824.95541,983321.40017,-0.21666489187155158,520.69983,743856.9000000001,0.6,0,0,0,15,True,6c22f8bfaa170133dfaecfe41639d5fb857bc1c513772f83cb07158a3b81d6e1,117728
S4SD-0070,beginning,2024-07-01,427580.80955,828827.439,-0.21673846664363483,499.961,714230.0000000001,0.5833333333333334,0,0,0,14,True,6c22f8bfaa170133dfaecfe41639d5fb857bc1c513772f83cb07158a3b81d6e1,117728
S4SD-0070,ending,2014-07-23,440305.35089,979939.85116,-0.21165622928905237,3081.14884,4401641.199999998,0.3225806451612903,0,0,0,10,True,6c22f8bfaa170133dfaecfe41639d5fb857bc1c513772f83cb07158a3b81d6e1,117728
S4SD-0070,ending,2014-08-01,424405.04474,929408.1343299998,-0.21182498742775702,2678.06567,3825808.1,0.41379310344827586,0,0,0,12,True,6c22f8bfaa170133dfaecfe41639d5fb857bc1c513772f83cb07158a3b81d6e1,117728
S4SD-0070,ending,2014-09-01,410904.01454999996,892350.6741,-0.2116207912832787,2348.5259,3355037.0000000005,0.35714285714285715,0,0,0,10,True,6c22f8bfaa170133dfaecfe41639d5fb857bc1c513772f83cb07158a3b81d6e1,117728
S4SD-0070,ending,2014-10-08,395210.48668999993,873714.29897,-0.21166111054302195,2050.70103,2929572.9,0.35714285714285715,0,0,0,10,True,6c22f8bfaa170133dfaecfe41639d5fb857bc1c513772f83cb07158a3b81d6e1,117728
S4SD-0070,ending,2014-11-03,382109.65672999993,877033.5235799999,-0.21152933897451742,1781.2764200000001,2544680.6,0.3793103448275862,0,0,0,11,True,6c22f8bfaa170133dfaecfe41639d5fb857bc1c513772f83cb07158a3b81d6e1,117728
S4SD-0070,ending,2014-12-01,371735.98589999997,780902.9526500001,-0.21157696937674786,1500.9473500000001,2144210.5,0.37037037037037035,0,0,0,10,True,6c22f8bfaa170133dfaecfe41639d5fb857bc1c513772f83cb07158a3b81d6e1,117728
S4SD-0070,ending,2015-01-05,371709.97549999994,796806.8972699997,-0.21129566653105214,2376.50273,3395003.9,0.3793103448275862,0,0,0,11,True,6c22f8bfaa170133dfaecfe41639d5fb857bc1c513772f83cb07158a3b81d6e1,117728
S4SD-0070,ending,2015-02-02,369052.47368000005,759048.98916,-0.21175662762618375,2114.2108399999997,3020301.1999999997,0.4074074074074074,0,0,0,11,True,6c22f8bfaa170133dfaecfe41639d5fb857bc1c513772f83cb07158a3b81d6e1,117728
S4SD-0070,ending,2015-03-02,399604.32375999994,783683.2082700001,-0.21113382805712588,1961.59173,2802273.9,0.3333333333333333,0,0,0,9,True,6c22f8bfaa170133dfaecfe41639d5fb857bc1c513772f83cb07158a3b81d6e1,117728
S4SD-0070,ending,2015-04-01,381275.38571,743726.1870599999,-0.2111007727808959,1799.2129400000001,2570304.1999999997,0.34615384615384615,0,0,0,9,True,6c22f8bfaa170133dfaecfe41639d5fb857bc1c513772f83cb07158a3b81d6e1,117728
S4SD-0070,ending,2015-05-04,401576.73337000003,764896.53276,-0.21114575005362834,2678.8672400000005,3826953.1999999993,0.32142857142857145,0,0,0,9,True,6c22f8bfaa170133dfaecfe41639d5fb857bc1c513772f83cb07158a3b81d6e1,117728
S4SD-0070,ending,2015-06-01,381724.6673,730137.1479400002,-0.07083539613091017,2498.05206,3568645.7999999993,0.38461538461538464,0,0,0,10,True,6c22f8bfaa170133dfaecfe41639d5fb857bc1c513772f83cb07158a3b81d6e1,117728
S4SD-0070,ending,2015-07-01,410589.20217999996,710868.28926,-0.07082379339952993,2357.7107400000004,3368158.1999999997,0.34615384615384615,0,0,0,9,True,6c22f8bfaa170133dfaecfe41639d5fb857bc1c513772f83cb07158a3b81d6e1,117728
S4SD-0070,ending,2015-08-03,414735.23575,745514.83879,-0.0708456849538146,2239.46121,3199230.3,0.2962962962962963,0,0,0,8,True,6c22f8bfaa170133dfaecfe41639d5fb857bc1c513772f83cb07158a3b81d6e1,117728
S4SD-0070,ending,2015-09-01,398353.15708,716241.0996799998,-0.07083666163971625,2078.90032,2969857.6,0.38461538461538464,0,0,0,10,True,6c22f8bfaa170133dfaecfe41639d5fb857bc1c513772f83cb07158a3b81d6e1,117728
S4SD-0070,ending,2015-10-08,394843.38732,709592.6789599999,-0.07082830488587233,1954.3210399999998,2791887.1999999997,0.34615384615384615,0,0,0,9,True,6c22f8bfaa170133dfaecfe41639d5fb857bc1c513772f83cb07158a3b81d6e1,117728
S4SD-0070,ending,2015-11-02,384209.07376,729577.5873200003,-0.07082158705572439,2729.1126799999997,3898732.3999999994,0.2857142857142857,0,0,0,8,True,6c22f8bfaa170133dfaecfe41639d5fb857bc1c513772f83cb07158a3b81d6e1,117728
S4SD-0070,ending,2015-12-01,360241.27551999997,696868.73061,-0.07084178692276133,2530.86939,3615527.6999999997,0.3333333333333333,0,0,0,9,True,6c22f8bfaa170133dfaecfe41639d5fb857bc1c513772f83cb07158a3b81d6e1,117728
S4SD-0070,ending,2016-01-04,354141.94969,729096.8814200001,-0.07081447444259381,3303.41858,4719169.4,0.32142857142857145,0,0,0,9,True,6c22f8bfaa170133dfaecfe41639d5fb857bc1c513772f83cb07158a3b81d6e1,117728
S4SD-0070,ending,2016-02-01,351302.53309,697307.7876000002,-0.07084870426043177,3098.7124,4426732.0,0.3333333333333333,0,0,0,9,True,6c22f8bfaa170133dfaecfe41639d5fb857bc1c513772f83cb07158a3b81d6e1,117728
S4SD-0070,ending,2016-03-01,351920.05942999996,687706.7778300003,-0.07079787569087248,2938.32217,4197603.100000001,0.25925925925925924,0,0,0,7,True,6c22f8bfaa170133dfaecfe41639d5fb857bc1c513772f83cb07158a3b81d6e1,117728
S4SD-0070,ending,2016-04-01,350067.59797999996,690256.0281900001,-0.07082793441438973,3636.7718099999997,5195388.300000001,0.25,0,0,0,7,True,6c22f8bfaa170133dfaecfe41639d5fb857bc1c513772f83cb07158a3b81d6e1,117728
S4SD-0070,ending,2016-05-03,347662.61040000006,728461.7693300003,-0.07082671673200436,3447.3306700000003,4924758.099999999,0.27586206896551724,0,0,0,8,True,6c22f8bfaa170133dfaecfe41639d5fb857bc1c513772f83cb07158a3b81d6e1,117728
S4SD-0070,ending,2016-06-01,345860.70169,698147.9894,-0.07082805436693418,3236.9105999999992,4624158.0,0.21428571428571427,0,0,0,6,True,6c22f8bfaa170133dfaecfe41639d5fb857bc1c513772f83cb07158a3b81d6e1,117728
S4SD-0070,ending,2016-07-01,341494.65871,705512.9314200002,-0.07075781865486197,3028.66858,4326669.399999999,0.17857142857142858,0,0,0,5,True,6c22f8bfaa170133dfaecfe41639d5fb857bc1c513772f83cb07158a3b81d6e1,117728
S4SD-0070,ending,2016-08-01,348302.41143000004,712319.1267500002,-0.07073922364097462,2860.37325,4086247.4999999995,0.17857142857142858,0,0,0,5,True,6c22f8bfaa170133dfaecfe41639d5fb857bc1c513772f83cb07158a3b81d6e1,117728
S4SD-0070,ending,2016-09-01,352750.33002999995,715174.6423800001,-0.07080098306468252,2652.15762,3788796.5999999996,0.14285714285714285,0,0,0,4,True,6c22f8bfaa170133dfaecfe41639d5fb857bc1c513772f83cb07158a3b81d6e1,117728
S4SD-0070,ending,2016-10-10,350687.956,750190.3725700001,-0.07063859192498245,2495.02743,3564324.9000000004,0.1724137931034483,0,0,0,5,True,6c22f8bfaa170133dfaecfe41639d5fb857bc1c513772f83cb07158a3b81d6e1,117728
S4SD-0070,ending,2016-11-01,351717.56668999995,724297.78458,-0.029365375532743876,2262.0154199999997,3231450.6,0.07142857142857142,0,0,0,2,True,6c22f8bfaa170133dfaecfe41639d5fb857bc1c513772f83cb07158a3b81d6e1,117728
S4SD-0070,ending,2016-12-01,352498.80096000014,727517.5418500002,-0.029348705907175754,2061.9581499999995,2945654.5000000005,0.1111111111111111,0,0,0,3,True,6c22f8bfaa170133dfaecfe41639d5fb857bc1c513772f83cb07158a3b81d6e1,117728
S4SD-0070,ending,2017-01-03,354328.28088999994,786274.9139299998,-0.02937887822532237,2862.2860699999997,4088980.0999999996,0.1724137931034483,0,0,0,5,True,6c22f8bfaa170133dfaecfe41639d5fb857bc1c513772f83cb07158a3b81d6e1,117728
S4SD-0070,ending,2017-02-03,356381.82086999994,789686.97517,-0.029326657642618104,2641.5248299999994,3773606.900000001,0.13793103448275862,0,0,0,4,True,6c22f8bfaa170133dfaecfe41639d5fb857bc1c513772f83cb07158a3b81d6e1,117728
S4SD-0070,ending,2017-03-01,352802.80597000004,753820.9008400001,-0.029315701555541085,2431.0991599999993,3472998.8000000003,0.14285714285714285,0,0,0,4,True,6c22f8bfaa170133dfaecfe41639d5fb857bc1c513772f83cb07158a3b81d6e1,117728
S4SD-0070,ending,2017-04-05,355461.63575,774092.4280500001,-0.029367244731500763,2245.8719499999997,3208388.5,0.14285714285714285,0,0,0,4,True,6c22f8bfaa170133dfaecfe41639d5fb857bc1c513772f83cb07158a3b81d6e1,117728
S4SD-0070,ending,2017-05-02,359468.49805000005,738201.6942900001,-0.029165859738252586,2064.90571,2949865.3000000003,0.2222222222222222,0,0,0,6,True,6c22f8bfaa170133dfaecfe41639d5fb857bc1c513772f83cb07158a3b81d6e1,117728
S4SD-0070,ending,2017-06-01,359452.89235,763053.75536,-0.027215659525609892,1904.44464,2720635.2,0.14814814814814814,0,0,0,4,True,6c22f8bfaa170133dfaecfe41639d5fb857bc1c513772f83cb07158a3b81d6e1,117728
S4SD-0070,ending,2017-07-03,361348.48239,838088.6667,-0.02721274072530988,1745.5333,2493619.0000000005,0.17857142857142858,0,0,0,5,True,6c22f8bfaa170133dfaecfe41639d5fb857bc1c513772f83cb07158a3b81d6e1,117728
S4SD-0070,ending,2017-08-01,363016.95816000004,828377.8946,-0.0272111475159712,1547.5053999999998,2210722.0,0.14814814814814814,0,0,0,4,True,6c22f8bfaa170133dfaecfe41639d5fb857bc1c513772f83cb07158a3b81d6e1,117728
S4SD-0070,ending,2017-09-01,363472.45651000005,909882.4900499999,-0.02721109349747164,1404.00995,2005728.4999999998,0.15384615384615385,0,0,0,4,True,6c22f8bfaa170133dfaecfe41639d5fb857bc1c513772f83cb07158a3b81d6e1,117728
S4SD-0070,ending,2017-10-09,364913.07364,901389.16444,-0.04231409344873582,1289.4355599999997,1842050.8,0.14814814814814814,0,0,0,4,True,6c22f8bfaa170133dfaecfe41639d5fb857bc1c513772f83cb07158a3b81d6e1,117728
S4SD-0070,ending,2017-11-01,365157.07898,856401.07562,-0.04231432628367737,1132.92438,1618463.4000000001,0.15384615384615385,0,0,0,4,True,6c22f8bfaa170133dfaecfe41639d5fb857bc1c513772f83cb07158a3b81d6e1,117728
S4SD-0070,ending,2017-12-01,365842.21801,824456.40591,-0.04533734180890203,1028.89409,1469848.7,0.16,0,0,0,4,True,6c22f8bfaa170133dfaecfe41639d5fb857bc1c513772f83cb07158a3b81d6e1,117728
S4SD-0070,ending,2018-01-02,377578.33108999993,846413.5950199999,-0.04533595786178335,940.60498,1343721.4000000001,0.2,0,0,0,5,True,6c22f8bfaa170133dfaecfe41639d5fb857bc1c513772f83cb07158a3b81d6e1,117728
S4SD-0070,ending,2018-02-01,377160.88106000004,849440.66988,-0.045337846595982056,851.53012,1216471.6,0.16666666666666666,0,0,0,4,True,6c22f8bfaa170133dfaecfe41639d5fb857bc1c513772f83cb07158a3b81d6e1,117728
S4SD-0070,ending,2018-03-01,374318.51754000003,885198.3367100001,-0.045351057125864624,819.5632899999998,1170804.7000000002,0.20833333333333334,0,0,0,5,True,6c22f8bfaa170133dfaecfe41639d5fb857bc1c513772f83cb07158a3b81d6e1,117728
S4SD-0070,ending,2018-04-02,366787.81771999993,899899.4020299998,-0.045348580151761575,3063.8979699999995,4376997.1,0.2222222222222222,0,0,0,6,True,6c22f8bfaa170133dfaecfe41639d5fb857bc1c513772f83cb07158a3b81d6e1,117728
S4SD-0070,ending,2018-05-02,364174.80394,910781.0930000001,-0.045346018913971275,2887.5069999999996,4125010.0,0.23076923076923078,0,0,0,6,True,6c22f8bfaa170133dfaecfe41639d5fb857bc1c513772f83cb07158a3b81d6e1,117728
S4SD-0070,ending,2018-06-01,374789.13592,925073.38542,-0.04534752701628897,2746.41458,3923449.4,0.23076923076923078,0,0,0,6,True,6c22f8bfaa170133dfaecfe41639d5fb857bc1c513772f83cb07158a3b81d6e1,117728
S4SD-0070,ending,2018-07-02,390692.81560999993,957923.3681399999,-0.04533072321738074,2596.13186,3708759.8000000003,0.2962962962962963,0,0,0,8,True,6c22f8bfaa170133dfaecfe41639d5fb857bc1c513772f83cb07158a3b81d6e1,117728
S4SD-0070,ending,2018-08-01,402178.71401,975346.2458800002,-0.04535460909625222,2419.75412,3456791.6,0.3076923076923077,0,0,0,8,True,6c22f8bfaa170133dfaecfe41639d5fb857bc1c513772f83cb07158a3b81d6e1,117728
S4SD-0070,ending,2018-09-03,435672.17180999997,967358.4542599999,-0.08861871233362473,2301.7457400000003,3288208.2,0.3333333333333333,0,0,0,9,True,6c22f8bfaa170133dfaecfe41639d5fb857bc1c513772f83cb07158a3b81d6e1,117728
S4SD-0070,ending,2018-10-08,415610.15434999997,888149.6575000001,-0.08860555992541963,2125.7425,3036775.0000000005,0.3076923076923077,0,0,0,8,True,6c22f8bfaa170133dfaecfe41639d5fb857bc1c513772f83cb07158a3b81d6e1,117728
S4SD-0070,ending,2018-11-01,404410.57859,857147.0555099999,-0.08861634279916153,1987.2444900000003,2838920.7,0.36,0,0,0,9,True,6c22f8bfaa170133dfaecfe41639d5fb857bc1c513772f83cb07158a3b81d6e1,117728
S4SD-0070,ending,2018-12-03,386792.15353,817442.8984499999,-0.08858571010591954,2944.7015499999998,4206716.5,0.3333333333333333,0,0,0,9,True,6c22f8bfaa170133dfaecfe41639d5fb857bc1c513772f83cb07158a3b81d6e1,117728
S4SD-0070,ending,2019-01-02,394437.68493,782286.7467700001,-0.08858880208250419,2766.55323,3952218.9,0.3076923076923077,0,0,0,8,True,6c22f8bfaa170133dfaecfe41639d5fb857bc1c513772f83cb07158a3b81d6e1,117728
S4SD-0070,ending,2019-02-01,393682.03296,773548.5867600001,-0.08860833491712994,2605.21324,3721733.1999999993,0.34615384615384615,0,0,0,9,True,6c22f8bfaa170133dfaecfe41639d5fb857bc1c513772f83cb07158a3b81d6e1,117728
S4SD-0070,ending,2019-03-01,406705.15427,764630.31447,-0.08859560580735926,2443.98553,3491407.9,0.3076923076923077,0,0,0,8,True,6c22f8bfaa170133dfaecfe41639d5fb857bc1c513772f83cb07158a3b81d6e1,117728
S4SD-0070,ending,2019-04-01,393949.99191999994,757046.8509099998,-0.08861461020662531,2281.6490899999994,3259498.7,0.2692307692307692,0,0,0,7,True,6c22f8bfaa170133dfaecfe41639d5fb857bc1c513772f83cb07158a3b81d6e1,117728
S4SD-0070,ending,2019-05-06,409890.61854,750777.183,-0.08861332796566146,2119.8169999999996,3028309.9999999995,0.3076923076923077,0,0,0,8,True,6c22f8bfaa170133dfaecfe41639d5fb857bc1c513772f83cb07158a3b81d6e1,117728
S4SD-0070,ending,2019-06-03,414454.66543000005,763857.7735800002,-0.08861267476615708,2988.42642,4269180.6,0.2857142857142857,0,0,0,8,True,6c22f8bfaa170133dfaecfe41639d5fb857bc1c513772f83cb07158a3b81d6e1,117728
S4SD-0070,ending,2019-07-01,407959.07438999997,688820.7466600002,-0.08861883979450114,2763.6533400000003,3948076.2,0.3333333333333333,0,0,0,9,True,6c22f8bfaa170133dfaecfe41639d5fb857bc1c513772f83cb07158a3b81d6e1,117728
S4SD-0070,ending,2019-08-01,428000.12193,695873.7110299999,-0.08858382496870343,3440.58897,4915127.1,0.2857142857142857,0,0,0,8,True,6c22f8bfaa170133dfaecfe41639d5fb857bc1c513772f83cb07158a3b81d6e1,117728
S4SD-0070,ending,2019-09-02,416990.10044999997,725175.4391999999,-0.0885844352667361,4176.1608,5965944.0,0.3333333333333333,0,0,0,10,True,6c22f8bfaa170133dfaecfe41639d5fb857bc1c513772f83cb07158a3b81d6e1,117728
S4SD-0070,ending,2019-10-08,391679.6038,667158.9436799999,-0.08856629100125657,3866.05632,5522937.600000001,0.3103448275862069,0,0,0,9,True,6c22f8bfaa170133dfaecfe41639d5fb857bc1c513772f83cb07158a3b81d6e1,117728
S4SD-0070,ending,2019-11-01,379117.50058999995,668945.36518,-0.08852465275697197,4483.63482,6405192.6,0.3333333333333333,0,0,0,10,True,6c22f8bfaa170133dfaecfe41639d5fb857bc1c513772f83cb07158a3b81d6e1,117728
S4SD-0070,ending,2019-12-02,348937.98016000004,701325.8708699999,-0.088562700177379,4163.4291299999995,5947755.9,0.2903225806451613,0,0,0,9,True,6c22f8bfaa170133dfaecfe41639d5fb857bc1c513772f83cb07158a3b81d6e1,117728
S4SD-0070,ending,2020-01-02,347797.24434000003,675475.9925599999,-0.08849664691882542,3830.7074399999997,5472439.199999999,0.26666666666666666,0,0,0,8,True,6c22f8bfaa170133dfaecfe41639d5fb857bc1c513772f83cb07158a3b81d6e1,117728
S4SD-0070,ending,2020-02-03,346778.32513,680686.08284,-0.08861473824174115,3521.517160000001,5030738.800000001,0.2413793103448276,0,0,0,7,True,6c22f8bfaa170133dfaecfe41639d5fb857bc1c513772f83cb07158a3b81d6e1,117728
S4SD-0070,ending,2020-03-02,344935.70755000005,709029.4217800002,-0.0886129708309481,4218.37822,6026254.599999999,0.3,0,0,0,9,True,6c22f8bfaa170133dfaecfe41639d5fb857bc1c513772f83cb07158a3b81d6e1,117728
S4SD-0070,ending,2020-04-01,344771.52246,687722.05108,-0.08867875889121091,3914.6489200000005,5592355.600000001,0.20689655172413793,0,0,0,6,True,6c22f8bfaa170133dfaecfe41639d5fb857bc1c513772f83cb07158a3b81d6e1,117728
S4SD-0070,ending,2020-05-06,347114.23601,736258.7646999999,-0.08860008074363623,3713.1353,5304479.0,0.23333333333333334,0,0,0,7,True,6c22f8bfaa170133dfaecfe41639d5fb857bc1c513772f83cb07158a3b81d6e1,117728
S4SD-0070,ending,2020-06-01,349394.32382,699645.01984,-0.08859872785632117,3456.480160000001,4937828.800000001,0.27586206896551724,0,0,0,8,True,6c22f8bfaa170133dfaecfe41639d5fb857bc1c513772f83cb07158a3b81d6e1,117728
S4SD-0070,ending,2020-07-01,329486.76503999997,692747.2314599999,-0.08864271053193218,3238.7685400000005,4626812.199999999,0.2413793103448276,0,0,0,7,True,6c22f8bfaa170133dfaecfe41639d5fb857bc1c513772f83cb07158a3b81d6e1,117728
S4SD-0070,ending,2020-08-03,340700.72094,720473.52152,-0.07156311159226836,3050.4784799999998,4357826.399999999,0.26666666666666666,0,0,0,8,True,6c22f8bfaa170133dfaecfe41639d5fb857bc1c513772f83cb07158a3b81d6e1,117728
S4SD-0070,ending,2020-09-01,344919.23527000006,692916.1832600001,-0.07160807580882367,2818.0167400000005,4025738.2000000007,0.1724137931034483,0,0,0,5,True,6c22f8bfaa170133dfaecfe41639d5fb857bc1c513772f83cb07158a3b81d6e1,117728
S4SD-0070,ending,2020-10-09,337444.16568000003,689022.2396,-0.0711871124491289,3485.5604000000003,4979372.0,0.2,0,0,0,6,True,6c22f8bfaa170133dfaecfe41639d5fb857bc1c513772f83cb07158a3b81d6e1,117728
S4SD-0070,ending,2020-11-02,340557.38139,726937.45773,-0.06522864024341879,3212.5422700000004,4589346.1,0.16666666666666666,0,0,0,5,True,6c22f8bfaa170133dfaecfe41639d5fb857bc1c513772f83cb07158a3b81d6e1,117728
S4SD-0070,ending,2020-12-01,344576.26809,693717.7827700002,-0.06523350729274258,2969.9172300000005,4242738.8999999985,0.1724137931034483,0,0,0,5,True,6c22f8bfaa170133dfaecfe41639d5fb857bc1c513772f83cb07158a3b81d6e1,117728
S4SD-0070,ending,2021-01-04,348789.98502,731850.9142899999,-0.06523358314276029,3619.18571,5170265.300000001,0.22580645161290322,0,0,0,7,True,6c22f8bfaa170133dfaecfe41639d5fb857bc1c513772f83cb07158a3b81d6e1,117728
S4SD-0070,ending,2021-02-01,353085.68909,717760.9869900002,-0.06521621644998632,3321.7130099999995,4745304.3,0.26666666666666666,0,0,0,8,True,6c22f8bfaa170133dfaecfe41639d5fb857bc1c513772f83cb07158a3b81d6e1,117728
S4SD-0070,ending,2021-03-01,353813.11736,710109.87694,-0.06522151599206794,3045.8230599999997,4351175.8,0.3,0,0,0,9,True,6c22f8bfaa170133dfaecfe41639d5fb857bc1c513772f83cb07158a3b81d6e1,117728
S4SD-0070,ending,2021-04-01,359936.06565,757158.7825799999,-0.06519921875263568,2769.4174199999998,3956310.6000000006,0.26666666666666666,0,0,0,8,True,6c22f8bfaa170133dfaecfe41639d5fb857bc1c513772f83cb07158a3b81d6e1,117728
S4SD-0070,ending,2021-05-06,369713.40966999996,810036.91159,-0.06519421922758573,2531.2884099999997,3616126.3000000003,0.23333333333333334,0,0,0,7,True,6c22f8bfaa170133dfaecfe41639d5fb857bc1c513772f83cb07158a3b81d6e1,117728
S4SD-0070,ending,2021-06-01,366320.4835499999,771152.5632399999,-0.06523366524347995,2252.43676,3217766.8000000007,0.17857142857142858,0,0,0,5,True,6c22f8bfaa170133dfaecfe41639d5fb857bc1c513772f83cb07158a3b81d6e1,117728
S4SD-0070,ending,2021-07-01,360948.85524999996,766247.3719100001,-0.06519425368280574,2063.9280899999994,2948468.7000000007,0.21428571428571427,0,0,0,6,True,6c22f8bfaa170133dfaecfe41639d5fb857bc1c513772f83cb07158a3b81d6e1,117728
S4SD-0070,ending,2021-08-02,354825.5904,807265.7172200001,-0.06516459302361344,1899.0827800000002,2712975.4,0.25,0,0,0,7,True,6c22f8bfaa170133dfaecfe41639d5fb857bc1c513772f83cb07158a3b81d6e1,117728
S4SD-0070,ending,2021-09-01,357029.8199,786598.51223,-0.06524532254332038,1689.3877699999998,2413411.1,0.23076923076923078,0,0,0,6,True,6c22f8bfaa170133dfaecfe41639d5fb857bc1c513772f83cb07158a3b81d6e1,117728
S4SD-0070,ending,2021-10-08,352934.02522,773141.91679,-0.06515145783617993,1576.1832100000001,2251690.3000000003,0.2692307692307692,0,0,0,7,True,6c22f8bfaa170133dfaecfe41639d5fb857bc1c513772f83cb07158a3b81d6e1,117728
S4SD-0070,ending,2021-11-01,355191.13788,800483.89905,-0.0650849344021881,1462.20095,2088858.5000000002,0.2692307692307692,0,0,0,7,True,6c22f8bfaa170133dfaecfe41639d5fb857bc1c513772f83cb07158a3b81d6e1,117728
S4SD-0070,ending,2021-12-01,352312.88636,790754.29435,-0.06500043515206533,1331.1056499999997,1901579.5000000002,0.34615384615384615,0,0,0,9,True,6c22f8bfaa170133dfaecfe41639d5fb857bc1c513772f83cb07158a3b81d6e1,117728
S4SD-0070,ending,2022-01-04,355855.38912000007,828975.2572600001,-0.06509801364339807,1221.4427400000002,1744918.1999999997,0.3333333333333333,0,0,0,9,True,6c22f8bfaa170133dfaecfe41639d5fb857bc1c513772f83cb07158a3b81d6e1,117728
S4SD-0070,ending,2022-02-07,358400.00002999994,819438.00562,-0.06496969971633848,1108.4943799999999,1583563.4,0.34615384615384615,0,0,0,9,True,6c22f8bfaa170133dfaecfe41639d5fb857bc1c513772f83cb07158a3b81d6e1,117728
S4SD-0070,ending,2022-03-01,358122.144,787094.1211000001,-0.056083095782311965,1009.9789000000001,1442826.9999999998,0.36,0,0,0,9,True,6c22f8bfaa170133dfaecfe41639d5fb857bc1c513772f83cb07158a3b81d6e1,117728
S4SD-0070,ending,2022-04-01,380593.03255999996,860850.33059,-0.05561850486701159,915.56941,1307956.3,0.4,0,0,0,10,True,6c22f8bfaa170133dfaecfe41639d5fb857bc1c513772f83cb07158a3b81d6e1,117728
S4SD-0070,ending,2022-05-05,389090.4774699999,879545.50197,-0.0548728506249303,837.3980299999998,1196282.8999999997,0.44,0,0,0,11,True,6c22f8bfaa170133dfaecfe41639d5fb857bc1c513772f83cb07158a3b81d6e1,117728
S4SD-0070,ending,2022-06-01,384597.19739999995,880411.18406,-0.052515338528490885,762.71594,1089594.2,0.4,0,0,0,10,True,6c22f8bfaa170133dfaecfe41639d5fb857bc1c513772f83cb07158a3b81d6e1,117728
S4SD-0070,ending,2022-07-01,380834.33716000005,863660.9246399999,-0.0492236933509681,683.1753599999998,975964.7999999999,0.36,0,0,0,9,True,6c22f8bfaa170133dfaecfe41639d5fb857bc1c513772f83cb07158a3b81d6e1,117728
S4SD-0070,ending,2022-08-01,383005.34036,875656.45937,-0.04923851824792336,590.2406300000001,843200.8999999999,0.375,0,0,0,9,True,6c22f8bfaa170133dfaecfe41639d5fb857bc1c513772f83cb07158a3b81d6e1,117728
S4SD-0070,ending,2022-09-01,386428.61348999996,877560.62289,-0.04923762278758326,552.27711,788967.3000000002,0.375,0,0,0,9,True,6c22f8bfaa170133dfaecfe41639d5fb857bc1c513772f83cb07158a3b81d6e1,117728
S4SD-0070,ending,2022-10-10,375555.30759,913334.28662,-0.04921739212591958,539.5133800000002,770733.4000000003,0.4,0,0,0,10,True,6c22f8bfaa170133dfaecfe41639d5fb857bc1c513772f83cb07158a3b81d6e1,117728
S4SD-0070,ending,2022-11-01,389115.86082,939912.33332,-0.049213131684646694,482.26668,688952.4,0.391304347826087,0,0,0,9,True,6c22f8bfaa170133dfaecfe41639d5fb857bc1c513772f83cb07158a3b81d6e1,117728
S4SD-0070,ending,2022-12-01,381781.44629000005,897660.11064,-0.06885145134100412,482.28936,688984.8,0.391304347826087,0,0,0,9,True,6c22f8bfaa170133dfaecfe41639d5fb857bc1c513772f83cb07158a3b81d6e1,117728
S4SD-0070,ending,2023-01-03,383178.24598,921154.55936,-0.06883390475915074,503.2406400000001,718915.2,0.4583333333333333,0,0,0,11,True,6c22f8bfaa170133dfaecfe41639d5fb857bc1c513772f83cb07158a3b81d6e1,117728
S4SD-0070,ending,2023-02-01,377958.527,909171.5814200001,-0.06882748454318588,482.41857999999996,689169.4,0.5217391304347826,0,0,0,12,True,6c22f8bfaa170133dfaecfe41639d5fb857bc1c513772f83cb07158a3b81d6e1,117728
S4SD-0070,ending,2023-03-01,372917.46487,925826.91545,-0.06876755911257382,482.58455000000004,689406.5,0.43478260869565216,0,0,0,10,True,6c22f8bfaa170133dfaecfe41639d5fb857bc1c513772f83cb07158a3b81d6e1,117728
S4SD-0070,ending,2023-04-03,407570.66566999996,1020294.8721099999,-0.06873647491600676,502.7278900000002,718182.7,0.5,0,0,0,12,True,6c22f8bfaa170133dfaecfe41639d5fb857bc1c513772f83cb07158a3b81d6e1,117728
S4SD-0070,ending,2023-05-04,411626.05467999994,1031686.76112,-0.06870056730441998,481.73888000000005,688198.3999999999,0.391304347826087,0,0,0,9,True,6c22f8bfaa170133dfaecfe41639d5fb857bc1c513772f83cb07158a3b81d6e1,117728
S4SD-0070,ending,2023-06-01,409754.64254,996485.02405,-0.08771024035528752,482.37595000000005,689108.4999999999,0.5652173913043478,0,0,0,13,True,6c22f8bfaa170133dfaecfe41639d5fb857bc1c513772f83cb07158a3b81d6e1,117728
S4SD-0070,ending,2023-07-03,400605.44915,1008723.40035,-0.08614267589123459,503.29965000000004,718999.4999999999,0.625,0,0,0,15,True,6c22f8bfaa170133dfaecfe41639d5fb857bc1c513772f83cb07158a3b81d6e1,117728
S4SD-0070,ending,2023-08-01,403625.28196,953162.8539999999,-0.08443498415890871,482.146,688779.9999999999,0.43478260869565216,0,0,0,10,True,6c22f8bfaa170133dfaecfe41639d5fb857bc1c513772f83cb07158a3b81d6e1,117728
S4SD-0070,ending,2023-09-01,402608.632,950623.25327,-0.08250405609733946,482.24673000000007,688923.9,0.4782608695652174,0,0,0,11,True,6c22f8bfaa170133dfaecfe41639d5fb857bc1c513772f83cb07158a3b81d6e1,117728
S4SD-0070,ending,2023-10-09,407824.76767000003,1031758.90925,-0.0802259953417992,482.49075000000005,689272.5,0.5652173913043478,0,0,0,13,True,6c22f8bfaa170133dfaecfe41639d5fb857bc1c513772f83cb07158a3b81d6e1,117728
S4SD-0070,ending,2023-11-01,425755.05791,1059324.73637,-0.10144544273291234,482.36363000000006,689090.8999999999,0.5652173913043478,0,0,0,13,True,6c22f8bfaa170133dfaecfe41639d5fb857bc1c513772f83cb07158a3b81d6e1,117728
S4SD-0070,ending,2023-12-01,404949.17787,1063079.78163,-0.10147494869795348,482.41837000000004,689169.1,0.5217391304347826,0,0,0,12,True,6c22f8bfaa170133dfaecfe41639d5fb857bc1c513772f83cb07158a3b81d6e1,117728
S4SD-0070,ending,2024-01-02,397325.42896,1060146.80588,-0.10143558702589106,482.29411999999996,688991.6,0.6086956521739131,0,0,0,14,True,6c22f8bfaa170133dfaecfe41639d5fb857bc1c513772f83cb07158a3b81d6e1,117728
S4SD-0070,ending,2024-02-01,405491.05049,1213270.9704800001,-0.10147543684494365,482.02952,688613.6,0.5652173913043478,0,0,0,13,True,6c22f8bfaa170133dfaecfe41639d5fb857bc1c513772f83cb07158a3b81d6e1,117728
S4SD-0070,ending,2024-03-01,408876.49087,1167941.57412,-0.14266229781677953,482.0258800000001,688608.3999999999,0.5652173913043478,0,0,0,13,True,6c22f8bfaa170133dfaecfe41639d5fb857bc1c513772f83cb07158a3b81d6e1,117728
S4SD-0070,ending,2024-04-01,434250.51292999997,1008881.9147099999,-0.21682199627881715,482.48529,689264.6999999998,0.6086956521739131,0,0,0,14,True,6c22f8bfaa170133dfaecfe41639d5fb857bc1c513772f83cb07158a3b81d6e1,117728
S4SD-0070,ending,2024-05-06,449466.22421,980538.7491900001,-0.21666489187155158,482.55081,689358.3,0.6086956521739131,0,0,0,14,True,6c22f8bfaa170133dfaecfe41639d5fb857bc1c513772f83cb07158a3b81d6e1,117728
S4SD-0070,ending,2024-06-03,431303.36221,960273.039,-0.21673846664363483,499.961,714230.0000000001,0.5833333333333334,0,0,0,14,True,6c22f8bfaa170133dfaecfe41639d5fb857bc1c513772f83cb07158a3b81d6e1,117728
S4SD-0070,ending,2024-07-01,416212.30799,811510.5304800001,-0.21661802115070417,478.66952000000003,683813.6000000001,0.6521739130434783,0,0,0,15,True,6c22f8bfaa170133dfaecfe41639d5fb857bc1c513772f83cb07158a3b81d6e1,117728
