strategy,family,deposit_timing,n_windows,p_success,p_w12,p_w24,median_w24,p10_w24,p90_w24,median_max_drawdown,p95_max_drawdown,p_w24_below_deposit,p_w24_below_720k,p_drawdown_gt_35,p_drawdown_gt_50,avg_turnover,fee_drag,financing_drag,score,worst_w12,worst_w24,p5_w24,p95_w24,worst_drawdown,worst_recovery_days
S0_dca_512100,S0,ending,234,0.0,0.0,0.0,720000.0,635584.8493715257,887802.1068763541,0.0,0.22247310022538366,0.2564102564102564,0.2564102564102564,0.0,0.0,0.0006066683499565115,73.11211200595424,0.0,-19.196938133178353,269892.2616323865,479796.50951091386,603657.2040904744,933849.4705354299,0.2570345034127218,80.0
S0_dca_512100,S0,beginning,234,0.0,0.0,0.0,720000.0,629817.6283212737,903671.965570065,0.0,0.2232740898787343,0.2606837606837607,0.2606837606837607,0.0,0.0,0.0014431588099141867,87.78329657039811,0.0,-19.35487568735058,257750.64668334904,465565.4635109139,595886.7851850361,947931.1303862466,0.2587834139395496,100.0
S1_ramom_lb20_top2_monthly_ma200,S1,beginning,234,0.0,0.029914529914529916,0.021367521367521368,720000.0,643159.513579709,864802.5076106824,0.11040063682836843,0.3016104698024056,0.3034188034188034,0.3034188034188034,0.0,0.0,0.016433496342153513,2238.4838905195074,0.0,-21.000505558399468,283674.587295803,552710.701526646,612630.0906334228,930614.4517036588,0.3446131246274796,215.0
S1_mom_lb20_top2_monthly_ma200,S1,beginning,234,0.0,0.029914529914529916,0.021367521367521368,720000.0,645729.1748558971,860904.2661850328,0.11040063682836843,0.3010089686098655,0.3076923076923077,0.3076923076923077,0.0,0.0,0.016949353098310454,2314.5610536696818,0.0,-21.155236775533687,282872.6831638582,550434.5591855797,612630.0906334228,907191.3460107855,0.34364214027654005,215.0
S1_ramom_lb20_top2_monthly_ma200,S1,ending,234,0.0,0.021367521367521368,0.017094017094017096,720000.0,648761.0734594039,853347.4420931358,0.10522167884233724,0.3010089686098655,0.31196581196581197,0.31196581196581197,0.0,0.0,0.01591492141599562,2068.2884510469944,0.0,-21.294465108283188,293315.80904644064,560346.4991478567,618162.4008951427,910476.3823705945,0.34298057286550176,214.0
S1_mom_lb20_top2_monthly_ma200,S1,ending,234,0.0,0.021367521367521368,0.01282051282051282,720000.0,651866.7459586042,849884.4680063986,0.10522167884233724,0.3010089686098654,0.3162393162393162,0.3162393162393162,0.0,0.0,0.01643077817215256,2137.9911967991607,0.0,-21.449196325417407,292625.46498839895,558192.906010853,618162.4008951427,889729.5011815734,0.34195948519296604,214.0
S0_dca_510500,S0,beginning,234,0.0,0.017094017094017096,0.021367521367521368,720000.0,635877.1532234636,947680.0939729963,0.13123865041792326,0.44649229573074906,0.2606837606837607,0.2606837606837607,0.08547008547008547,0.0,0.0018277349426863755,132.85572486924863,0.0,-21.49547358543044,270787.39246529416,519286.1532087033,607460.4975089914,1038485.0548266192,0.47169377845772054,256.0
S1_ramom_lb20_top2_weekly_ma200,S1,ending,234,0.0,0.021367521367521368,0.021367521367521368,720000.0,665129.1652552575,834253.9480805121,0.07947801690217138,0.264183184992156,0.3162393162393162,0.3162393162393162,0.0,0.0,0.03485431473565538,4690.5603029077365,0.0,-21.633431691052436,322164.51425689925,610006.8087679486,651229.2707025717,1003166.8097628294,0.2856930644125947,195.0
S1_ramom_lb20_top2_weekly_ma200,S1,beginning,234,0.0,0.03418803418803419,0.021367521367521368,720000.0,661993.7347665909,840914.4216947792,0.07932017745315689,0.26469825676266157,0.32051282051282054,0.32051282051282054,0.0,0.0,0.0364188299689661,5084.795293883198,0.0,-21.798649492958194,316737.03721240984,602890.2748330747,646986.412885142,1018772.6377629621,0.287571366070309,215.0
S1_mom_lb20_top2_weekly_ma200,S1,beginning,234,0.0,0.03418803418803419,0.021367521367521368,720000.0,664863.6311658103,813337.4509611605,0.07932017745315689,0.26469825676266157,0.32051282051282054,0.32051282051282054,0.0,0.0,0.03765963210955494,5219.890672958688,0.0,-21.81105751436408,315216.6539997862,601402.8787988228,649955.7967533582,998321.2178051211,0.28654079598623594,195.0
S0_dca_510500,S0,ending,234,0.0,0.017094017094017096,0.017094017094017096,720000.0,641909.5547415289,937028.8488032026,0.13412102826121652,0.44266789958786523,0.27350427350427353,0.27350427350427353,0.0811965811965812,0.0,0.0006061043619066198,110.30301303497237,0.0,-21.825137621502986,273549.1334874041,529275.2256958638,611832.1929424211,1015574.9084556117,0.4692545951871473,236.0
S1_mom_lb20_top2_weekly_ma200,S1,ending,234,0.0,0.021367521367521368,0.017094017094017096,720000.0,667533.5040922615,808432.0695278457,0.07947801690217138,0.2641831849921561,0.3247863247863248,0.3247863247863248,0.0,0.0,0.036033527487813785,4815.045380950311,0.0,-21.94436911771932,320421.5456829649,608296.2590413454,654944.2000982875,983661.9737841816,0.2846733257742773,194.0
S0_dca_510300,S0,ending,234,0.0,0.02564102564102564,0.01282051282051282,720000.0,648666.6918950444,877447.8899259716,0.12443336355394374,0.3407806826033626,0.3076923076923077,0.3076923076923077,0.04700854700854701,0.0,0.00020294012252165513,24.76923076923077,0.0,-22.162986320989475,280573.7452411435,551698.1930142293,631642.0969601918,920447.4934630431,0.40350659493842556,199.0
S1_mom_lb120_top2_monthly_ma60,S1,ending,234,0.0,0.008547008547008548,0.004273504273504274,720000.0,637418.0768709637,810823.9099105082,0.11040063682836837,0.2445133242047861,0.33760683760683763,0.33760683760683763,0.0,0.0,0.013260826105242611,1664.2867432144392,0.0,-22.165360052611554,295014.4400340932,547947.7210702442,612865.1051019997,889579.648688416,0.24451332420478633,155.0
S1_mom_lb120_top2_monthly_ma60,S1,beginning,234,0.0,0.008547008547008548,0.004273504273504274,720000.0,633271.3190574925,820345.1862736107,0.11040063682836854,0.2445133242047861,0.33760683760683763,0.33760683760683763,0.0,0.0,0.013832305917503337,1804.6504534916494,0.0,-22.17107485073416,285271.52226252254,539059.6584252813,606954.6535898034,899243.9129901932,0.24451332420478633,156.0
S1_mom_lb120_top1_monthly_ma60,S1,ending,234,0.0,0.004273504273504274,0.004273504273504274,720000.0,631017.5174653457,811694.0207496549,0.11984722168663492,0.27743589743589725,0.33760683760683763,0.33760683760683763,0.0,0.0,0.01505239573401396,1920.1974037600423,0.0,-22.18327574889927,292848.31656006793,541294.3568321549,610489.3811495943,866658.0030917813,0.2774358974358976,156.0
S1_mom_lb120_top1_monthly_ma60,S1,beginning,234,0.0,0.008547008547008548,0.004273504273504274,720000.0,625000.9437618263,816506.5271060402,0.12504626019945597,0.27743589743589725,0.33760683760683763,0.33760683760683763,0.0,0.0,0.015623875546274684,2081.667878297718,0.0,-22.188990547021877,283070.7648836218,532007.4008859805,604607.5569039923,877604.2035708666,0.2774358974358976,172.0
S0_dca_510300,S0,beginning,234,0.0,0.029914529914529916,0.01282051282051282,720000.0,643304.4120786564,885963.1659034352,0.12443336355394385,0.35345958436734704,0.31196581196581197,0.31196581196581197,0.05128205128205128,0.0,0.0014956065573341075,40.02564102564103,0.0,-22.432323241747852,274510.14223027136,544033.6444248874,625757.99100233,933989.0031269881,0.4052427911434433,219.0
S1_mom_lb20_top1_monthly_ma200,S1,ending,234,0.0,0.02564102564102564,0.017094017094017096,720000.0,650021.3538397704,858209.7083674966,0.10734679653923845,0.32324735452512954,0.3162393162393162,0.3162393162393162,0.038461538461538464,0.0,0.019958680338792698,2562.942911021511,0.0,-22.44601380862227,291399.1848967092,563779.8430211743,612748.3173857108,914227.0963923217,0.37675420776188917,235.0
S1_mom_lb20_top1_monthly_ma200,S1,beginning,234,0.0,0.02564102564102564,0.017094017094017096,720000.0,644980.1121356199,867264.7684961176,0.11949685534591181,0.33451798036369046,0.3162393162393162,0.3162393162393162,0.042735042735042736,0.0,0.020477255264950592,2772.243114021824,0.0,-22.558037164721455,281530.8509222897,556640.5216696565,607124.2353079143,927151.0290696402,0.3782010036573361,236.0
S1_ramom_lb20_top1_monthly_ma200,S1,beginning,234,0.0,0.02564102564102564,0.017094017094017096,720000.0,632557.4200537646,862152.1639892606,0.11949685534591181,0.3323022791740902,0.3162393162393162,0.3162393162393162,0.042735042735042736,0.0,0.021412471626660625,2917.495551147323,0.0,-22.567389328338557,281813.8056971767,539525.2670376588,607022.4250736531,900413.8576325817,0.3768228535750494,236.0
S1_ramom_lb120_top2_monthly_ma60,S1,ending,234,0.0,0.01282051282051282,0.008547008547008548,720000.0,638257.991452424,812155.0608033802,0.11040063682836843,0.2445133242047861,0.3504273504273504,0.3504273504273504,0.0,0.0,0.012119836812439604,1515.7025500856616,0.0,-22.602668108401474,292989.21371978027,540952.4078420624,615199.063454505,920380.81756561,0.24451332420478633,155.0
S1_ramom_lb120_top2_monthly_ma60,S1,beginning,234,0.0,0.017094017094017096,0.01282051282051282,720000.0,634110.6180111482,820823.2109501408,0.11040063682836854,0.2445133242047861,0.3504273504273504,0.3504273504273504,0.0,0.0,0.012691316624700329,1642.4531878722737,0.0,-22.60838290652408,282848.2484517145,531649.4999733125,609220.1265086967,932444.993548725,0.24451332420478633,156.0
S1_mom_lb120_top2_weekly_ma60,S1,beginning,234,0.0,0.008547008547008548,0.004273504273504274,720000.0,657160.4539013763,805467.2171547778,0.0886061822862953,0.2450421648778428,0.34615384615384615,0.34615384615384615,0.0,0.0,0.02831209265031094,3679.590508355109,0.0,-22.61501801720754,283762.638717786,544251.6965900502,643048.4905722637,891682.7089326509,0.24504216487784292,156.0
S1_ramom_lb120_top2_weekly_ma200,S1,ending,234,0.0,0.01282051282051282,0.004273504273504274,720000.0,687603.6171063472,802085.3303412265,0.08949236525678439,0.3738922590975403,0.3034188034188034,0.3034188034188034,0.0641025641025641,0.0,0.01928436838154538,2499.6564223672954,0.0,-22.63157838135749,308618.8107959287,580870.267723696,675517.6919860126,838956.8482215939,0.39702087944494036,195.0
S1_mom_lb120_top2_weekly_ma60,S1,ending,234,0.0,0.008547008547008548,0.004273504273504274,720000.0,659691.176565415,800838.3484779341,0.09090930441562262,0.2445133242047861,0.3504273504273504,0.3504273504273504,0.0,0.0,0.02688799636396373,3392.152275096284,0.0,-22.750349703916715,292470.2060114711,553128.6495324024,646734.3200863431,875751.191555629,0.24451332420478633,155.0
S1_ramom_lb120_top2_weekly_ma200,S1,beginning,234,0.0,0.01282051282051282,0.008547008547008548,720000.0,686738.8242534726,806764.0553043401,0.08949236525678439,0.3782105077871437,0.3034188034188034,0.3034188034188034,0.06837606837606838,0.0,0.020479761008538426,2708.7659675071022,0.0,-22.75036991446503,301306.4322065758,573178.3758201532,673139.4609754332,844485.7068936154,0.39778699254273253,215.0
S1_ramom_lb120_top1_monthly_ma60,S1,ending,234,0.0,0.01282051282051282,0.004273504273504274,720000.0,624317.7152784027,810342.7679001305,0.10141589836660592,0.27743589743589736,0.3547008547008547,0.3547008547008547,0.0,0.0,0.014037808920809752,1749.4759086368335,0.0,-22.771420479057827,289513.5454709618,529979.9455448908,607762.9321172242,908858.4849212585,0.27743589743589747,171.0
S1_mom_lb120_top2_weekly_ma200,S1,ending,234,0.0,0.008547008547008548,0.004273504273504274,720000.0,686341.3301819225,796113.2939221967,0.08949236525678439,0.37164988237531754,0.3076923076923077,0.3076923076923077,0.0641025641025641,0.0,0.018481910371303773,2338.6249476424155,0.0,-22.773126450827725,320029.08996954263,612020.2774552666,674002.847948831,837513.1159752953,0.39604669510341406,195.0
S1_ramom_lb120_top1_monthly_ma60,S1,beginning,234,0.0,0.01282051282051282,0.008547008547008548,720000.0,619668.2260336567,814993.3297952848,0.10758217785843915,0.27743589743589736,0.3547008547008547,0.3547008547008547,0.0,0.0,0.014609288733070477,1897.0713472905752,0.0,-22.777135277180435,279086.4851069507,520027.72385820764,601602.302630469,930668.0274486255,0.2774358974358976,172.0
S1_ramom_lb120_top2_monthly_ma200,S1,ending,234,0.0,0.01282051282051282,0.004273504273504274,720000.0,651311.4005976892,805623.9002030072,0.1071748171940341,0.3732649362285975,0.31196581196581197,0.31196581196581197,0.0641025641025641,0.0,0.008563474699932848,1081.926090952072,0.0,-22.823514743686662,309183.84451813716,591541.224164103,631755.6575025641,832649.7831556353,0.4152279279949648,214.0
S1_ramom_lb20_top2_monthly_ma60,S1,beginning,234,0.0,0.03418803418803419,0.03418803418803419,720000.0,628099.361501005,844326.7866019044,0.1164578293388433,0.2445133242047861,0.3547008547008547,0.3547008547008547,0.0,0.0,0.02029695371273079,2698.911840272986,0.0,-22.834011926977038,280031.1238820746,550990.2799147548,610180.8359002373,1056186.3526672362,0.24451332420478633,195.0
S1_mom_lb120_top2_weekly_ma200,S1,beginning,234,0.0,0.01282051282051282,0.004273504273504274,720000.0,684672.4460491644,801960.8471268511,0.08949236525678439,0.3761783626033036,0.3076923076923077,0.3076923076923077,0.06837606837606838,0.0,0.019668364592016225,2539.172340913918,0.0,-22.891828599872458,314361.68892668607,605945.8462920673,673221.6291586118,840415.65133077,0.396857113423843,215.0
S1_ramom_lb20_top1_monthly_ma200,S1,ending,234,0.0,0.017094017094017096,0.01282051282051282,720000.0,638292.121705726,853254.0310061148,0.10406412129789411,0.32105160411603845,0.32905982905982906,0.32905982905982906,0.038461538461538464,0.0,0.020893896700502734,2698.7445338726034,0.0,-22.90408392095732,291599.3389446724,548091.6408111386,613476.69885727,891479.2142685484,0.37532470416785857,235.0
S1_mom_lb60_top2_monthly_ma200,S1,ending,234,0.0,0.021367521367521368,0.01282051282051282,720000.0,642600.3491782451,824291.8533976165,0.10025349638313458,0.37459110647815747,0.3162393162393162,0.3162393162393162,0.0641025641025641,0.0,0.012654585397142098,1578.0310344823176,0.0,-23.013998500231406,299193.2488971732,573464.7601582285,601540.6152832444,932480.4989557238,0.39803439586937783,172.0
S1_ramom_lb120_top2_weekly_ma60,S1,ending,234,0.0,0.008547008547008548,0.004273504273504274,720000.0,655000.1545349363,813257.2643299664,0.09090930441562256,0.2445133242047861,0.358974358974359,0.358974358974359,0.0,0.0,0.028689540436527574,3651.611347165027,0.0,-23.067510443787654,284177.51993359195,529517.8994761606,642951.3400279833,907834.4630133072,0.24451332420478633,155.0
S1_ramom_lb60_top2_monthly_ma60,S1,ending,234,0.0,0.008547008547008548,0.004273504273504274,720000.0,615725.5811395599,807248.2377843987,0.11040063682836843,0.2445133242047861,0.36324786324786323,0.36324786324786323,0.0,0.0,0.014539111904927479,1792.3101662085958,0.0,-23.075578808044302,289224.7410211535,531824.026521051,591149.1832931014,891413.0697129366,0.24451332420478644,136.0
S1_ramom_lb60_top2_monthly_ma60,S1,beginning,234,0.0,0.01282051282051282,0.004273504273504274,720000.0,609002.8427264425,812425.471842678,0.11040063682836854,0.2445133242047861,0.36324786324786323,0.36324786324786323,0.0,0.0,0.015163425116587796,1941.161309472343,0.0,-23.081821940160903,278654.1876119612,522073.40175893664,584436.5951935428,904400.4799723502,0.24451332420478644,156.0
S1_ramom_lb120_top2_monthly_ma200,S1,beginning,234,0.0,0.01282051282051282,0.004273504273504274,720000.0,646444.6348292053,808805.684983117,0.10760027815622586,0.3786779357928033,0.3162393162393162,0.3162393162393162,0.06837606837606838,0.0,0.009169928164952185,1173.7987235477333,0.0,-23.085989534747114,301797.4627571491,585109.1440772059,627246.6182809316,839202.9642196462,0.4169434986219085,215.0
S1_mom_lb60_top2_monthly_ma60,S1,beginning,234,0.0,0.029914529914529916,0.01282051282051282,720000.0,609002.8427264425,812933.7201476844,0.12078638616718074,0.2445133242047861,0.36324786324786323,0.36324786324786323,0.0,0.0,0.01647789359988571,2121.8281700932484,0.0,-23.094966624993884,280438.54020206525,537667.3822977905,587990.6588722131,1007939.1633131921,0.24451332420478644,172.0
S1_mom_lb60_top2_monthly_ma200,S1,beginning,234,0.0,0.021367521367521368,0.01282051282051282,720000.0,636448.8522007872,832095.2356077424,0.11040063682836843,0.37919037171513315,0.3162393162393162,0.3162393162393162,0.06837606837606838,0.0,0.013217054564007572,1708.8657082043678,0.0,-23.126460798737668,293608.76978230587,565638.7786306062,594206.0727006221,943677.7926146744,0.39873943876297446,195.0
S1_ramom_lb20_top2_monthly_ma60,S1,ending,234,0.0,0.02564102564102564,0.029914529914529916,720000.0,633719.2488644667,837302.5457784665,0.11517055811224691,0.2445133242047861,0.36324786324786323,0.36324786324786323,0.0,0.0,0.01964635105421396,2488.147770983692,0.0,-23.126651199537164,290563.5321282882,558762.9951592265,614756.6868323286,1037548.1705073381,0.24451332420478633,172.0
S1_ramom_lb60_top1_monthly_ma60,S1,ending,234,0.0,0.021367521367521368,0.017094017094017096,720000.0,617410.3927247989,821066.4731377442,0.12066263622753243,0.27743589743589736,0.36324786324786323,0.36324786324786323,0.0,0.0,0.019913190045846636,2529.862509410647,0.0,-23.12931958945349,290934.87413316953,537544.5798012714,599689.6327197421,1010425.45561559,0.2774358974358976,194.0
S1_mom_lb20_top2_monthly_ma60,S1,ending,234,0.0,0.02564102564102564,0.02564102564102564,720000.0,633719.2488644667,841754.5814047507,0.11517055811224691,0.2445133242047861,0.36324786324786323,0.36324786324786323,0.0,0.0,0.020366615453888046,2593.4378097373533,0.0,-23.133853843533906,289888.2697324483,556618.0791549978,614757.8802640002,1037548.1705073381,0.24451332420478622,172.0
S1_mom_lb20_top2_monthly_ma60,S1,beginning,234,0.0,0.03418803418803419,0.029914529914529916,720000.0,628099.361501005,845896.3256008897,0.1164578293388433,0.2445133242047861,0.36324786324786323,0.36324786324786323,0.0,0.0,0.021017218112404885,2813.6123894290386,0.0,-23.140359870119074,279249.18485032994,548723.5649744789,611555.638025109,1043953.1080631986,0.24451332420478633,195.0
S1_ramom_lb60_top2_monthly_ma200,S1,ending,234,0.0,0.008547008547008548,0.004273504273504274,720000.0,633458.4594548837,815344.5551139528,0.10056635310816087,0.371734230529707,0.32051282051282054,0.32051282051282054,0.0641025641025641,0.0,0.011948452054828536,1485.2769600761453,0.0,-23.15650981638092,299193.2488971732,562822.8508685278,600211.3296203818,866480.6914579555,0.39622309503269126,171.0
S1_mom_lb20_top1_weekly_ma200,S1,ending,234,0.0,0.02564102564102564,0.021367521367521368,720000.0,651150.0318537032,813053.2528816081,0.09266409266409276,0.27743589743589736,0.358974358974359,0.358974358974359,0.0,0.0,0.04504493988828588,5837.430395872429,0.0,-23.23106443830524,308158.0600702246,592792.499938842,630338.5364530068,1025106.3931116919,0.3015141800170983,214.0
S1_mom_lb20_top1_weekly_ma200,S1,beginning,234,0.0,0.03418803418803419,0.02564102564102564,720000.0,647301.5036870693,817603.9017807802,0.09266409266409281,0.2779416923076923,0.358974358974359,0.358974358974359,0.0,0.0,0.04695261499267257,6321.69763259004,0.0,-23.250141189349105,302313.5125929572,585467.5266809891,623274.5334591329,1052428.9011901668,0.3031253012383711,215.0
S1_ramom_lb20_top1_weekly_ma200,S1,ending,234,0.0,0.029914529914529916,0.029914529914529916,720000.0,659007.5020597109,835951.2642378679,0.08614200743494438,0.27743589743589736,0.358974358974359,0.358974358974359,0.0,0.0,0.047248117885497896,6264.03063935729,0.0,-23.253096218277356,313855.9775421739,590723.5685811148,636209.4410896372,1065815.9925412992,0.3025898336081506,214.0
S1_ramom_lb60_top2_monthly_ma200,S1,beginning,234,0.0,0.01282051282051282,0.004273504273504274,720000.0,627331.1413330059,822479.6049709003,0.10760027815622575,0.3763846688486177,0.32051282051282054,0.32051282051282054,0.06837606837606838,0.0,0.012510921221694008,1606.651169553823,0.0,-23.268972114887184,293608.76978230587,554400.5452205363,593073.6988055558,874490.3481745691,0.39699079460732656,172.0
S1_ramom_lb20_top1_weekly_ma200,S1,beginning,234,0.0,0.03418803418803419,0.03418803418803419,720000.0,654528.4394105343,840758.5785512711,0.08015790458372318,0.2779416923076923,0.358974358974359,0.358974358974359,0.0,0.0,0.04922592310828073,6785.288544141113,0.0,-23.272874270505188,307192.92548100266,582484.7358069207,630216.8795465846,1082349.7302558026,0.30428313001937735,215.0
S1_ramom_lb60_top1_monthly_ma60,S1,beginning,234,0.0,0.03418803418803419,0.021367521367521368,720000.0,612797.2755346443,837762.3405523424,0.12504626019945597,0.27743589743589736,0.36752136752136755,0.36752136752136755,0.0,0.0,0.02053750325750696,2742.4782889458816,0.0,-23.285135371142747,280370.4815950576,528152.3727707233,593029.5775675757,1031357.7993760807,0.27743589743589747,195.0
S1_mom_lb20_top1_monthly_ma60,S1,beginning,234,0.0,0.03418803418803419,0.03418803418803419,720000.0,626958.781950134,856027.2228233208,0.11700445028121964,0.27743589743589736,0.36752136752136755,0.36752136752136755,0.0,0.0,0.025355383914791117,3347.4068901430164,0.0,-23.33331417771559,277926.6413010367,552988.4421841975,593830.6797620634,1025112.44927096,0.2774358974358976,215.0
S1_ramom_lb20_top1_monthly_ma60,S1,beginning,234,0.0,0.02564102564102564,0.021367521367521368,720000.0,625439.7469414265,853498.78519445,0.11368573582017194,0.27743589743589736,0.36752136752136755,0.36752136752136755,0.0,0.0,0.025884547750423384,3441.399308581,0.0,-23.33860581607191,278197.2099950325,535873.629858791,595385.356708417,983201.592277429,0.27743589743589747,202.0
S1_mom_lb60_top2_monthly_ma60,S1,ending,234,0.0,0.021367521367521368,0.01282051282051282,720000.0,615725.5811395599,807799.6275159209,0.11517055811224697,0.2445133242047861,0.3717948717948718,0.3717948717948718,0.0,0.0,0.01585358038822539,1957.063762077548,0.0,-23.387868792022584,290973.25402463553,546284.6846672613,594336.2520239591,1004740.0903367079,0.24451332420478633,156.0
S1_mom_lb120_top1_weekly_ma60,S1,ending,234,0.0,0.008547008547008548,0.004273504273504274,720000.0,651559.718448289,791762.0563089831,0.10166632354294747,0.27743589743589725,0.36752136752136755,0.36752136752136755,0.0,0.0,0.03277285613586249,4105.833777185216,0.0,-23.407488899926303,278483.08470873756,515933.9808914338,640288.5492422489,880641.6800802319,0.27743589743589747,156.0
S1_mom_lb120_top2_monthly_ma200,S1,ending,234,0.0,0.008547008547008548,0.0,720000.0,652743.7902772995,797003.958869246,0.10558397414714821,0.3701326609246372,0.32905982905982906,0.32905982905982906,0.0641025641025641,0.0,0.009255599340487718,1171.4885931554793,0.0,-23.42872658838281,310758.67985269683,598755.4715826669,631755.6575025641,860689.0477812084,0.4121665030471424,195.0
S1_mom_lb20_top1_monthly_ma60,S1,ending,234,0.0,0.02564102564102564,0.02564102564102564,720000.0,630760.2633829805,846739.1379372018,0.10141589836660636,0.27743589743589736,0.3717948717948718,0.3717948717948718,0.0,0.0,0.02470478125627428,3089.554595448062,0.0,-23.476380800703073,288676.2201456392,560442.1517707226,602642.2314160509,1002542.388285497,0.2774358974358976,196.0
S1_mom_lb60_top1_monthly_ma200,S1,ending,234,0.0,0.017094017094017096,0.01282051282051282,720000.0,645303.5393083852,847360.9417265027,0.10246850436093452,0.4401483118311995,0.3162393162393162,0.3162393162393162,0.0811965811965812,0.0,0.0166489709241197,2160.0003830944183,0.0,-23.48129278285161,295963.11668671446,563425.4748951575,595867.8870079102,919763.9853223691,0.46102624143177984,195.0
S1_ramom_lb20_top1_monthly_ma60,S1,ending,234,0.0,0.021367521367521368,0.017094017094017096,720000.0,629799.3624898173,846045.579402561,0.10141589836660636,0.2774358974358973,0.3717948717948718,0.3717948717948718,0.0,0.0,0.025233945091906546,3178.0902040126434,0.0,-23.481672439059395,288867.612637167,544734.7665316036,602985.5042838288,962507.9705792193,0.27743589743589747,196.0
S1_mom_lb120_top2_monthly_none,S1,beginning,234,0.029914529914529916,0.07264957264957266,0.07692307692307693,739203.4657635265,638902.7808067647,1023324.1273894614,0.13804243982195086,0.37500926283560515,0.42735042735042733,0.42735042735042733,0.06837606837606838,0.0,0.01646660478184382,2066.6423027492006,0.0,-23.5299522615661,281968.99773228745,559876.6620144155,612641.6375793974,1542987.4801678634,0.4150349781275746,236.0
S1_ramom_lb120_top2_weekly_ma60,S1,beginning,234,0.0,0.008547008547008548,0.004273504273504274,720000.0,651939.2847369774,820865.5292530196,0.08860618228629524,0.2450421648778428,0.3717948717948718,0.3717948717948718,0.0,0.0,0.03016648742301824,3956.8345345416014,0.0,-23.530997862370512,274218.6643944749,519399.6125417979,636905.6804628796,928358.3469497771,0.24504216487784292,156.0
S1_mom_lb120_top2_monthly_ma200,S1,beginning,234,0.0,0.008547008547008548,0.0,720000.0,647512.1430285817,799106.3284692707,0.10760027815622575,0.37486351942598795,0.32905982905982906,0.32905982905982906,0.06837606837606838,0.0,0.009862052805507055,1272.14771470794,0.0,-23.541628729870613,304842.73224297183,591993.054724155,627246.6182809316,862624.8139120629,0.41401962540136594,215.0
S1_mom_lb120_top1_weekly_ma60,S1,beginning,234,0.0,0.008547008547008548,0.004273504273504274,720000.0,647520.4926209796,795253.8781791616,0.10166632354294752,0.27794169230769217,0.3717948717948718,0.3717948717948718,0.0,0.0,0.03433686957914294,4453.242137952155,0.0,-23.572701683931758,267866.18246961595,505160.65981286595,636588.7827915308,898107.7031663867,0.2779416923076924,172.0
S1_mom_lb60_top1_monthly_ma200,S1,beginning,234,0.0,0.021367521367521368,0.01282051282051282,720000.0,639160.2156509368,857030.9777153389,0.11949685534591181,0.44427133632509447,0.3162393162393162,0.3162393162393162,0.08547008547008547,0.0,0.01721144009098518,2336.487261280267,0.0,-23.59375508135787,289981.2600542163,555396.2612417166,588883.0973245589,931816.1371308259,0.4616445500571038,215.0
S1_ramom_lb60_top1_monthly_ma200,S1,beginning,234,0.0,0.021367521367521368,0.01282051282051282,720000.0,619142.510024049,846911.9201775279,0.11949685534591181,0.4452085202756392,0.3162393162393162,0.3162393162393162,0.08547008547008547,0.0,0.018320995616247837,2447.8176173877555,0.0,-23.604850636610497,289981.2600542163,554857.1074057941,588775.6986718487,960347.3463873855,0.4621393857415912,215.0
S1_ramom_lb60_top1_monthly_ma200,S1,ending,234,0.0,0.021367521367521368,0.01282051282051282,720000.0,625698.1433352699,841858.4439853515,0.10382101190127235,0.4411516924112721,0.32051282051282054,0.32051282051282054,0.0811965811965812,0.0,0.01775852644938236,2261.8341826340984,0.0,-23.641960987676885,295963.11668671446,563133.134152142,595867.8870079102,945957.7491347971,0.4615412961145431,214.0
S1_ramom_lb60_top2_weekly_ma200,S1,beginning,234,0.0,0.021367521367521368,0.01282051282051282,720000.0,657318.4798893521,837070.4277730114,0.08949236525678439,0.39055864532676055,0.3247863247863248,0.3247863247863248,0.07264957264957266,0.0,0.029200337532533566,3826.6429552572035,0.0,-23.69227653440583,312182.65190290124,601893.224584992,646834.8137015349,975190.114630324,0.4099030779590921,156.0
S1_mom_lb60_top1_monthly_ma60,S1,ending,234,0.0,0.021367521367521368,0.01282051282051282,720000.0,626163.4022739487,816130.423040025,0.12066208206786838,0.2774358974358973,0.3803418803418803,0.3803418803418803,0.0,0.0,0.01857678221725762,2365.1746364854453,0.0,-23.714246109458198,288468.0228548368,532135.5015270531,593600.5876358344,967357.1835439712,0.2774358974358976,195.0
S1_mom_lb60_top1_monthly_ma60,S1,beginning,234,0.0,0.021367521367521368,0.01282051282051282,720000.0,620841.3305898939,821872.8185903948,0.12881235935217478,0.27743589743589736,0.3803418803418803,0.3803418803418803,0.0,0.0,0.01920109542891794,2562.413337102194,0.0,-23.720489241574803,277671.74986903166,522497.42905241763,586924.8786728721,975940.3921408211,0.2774358974358976,215.0
S1_ramom_lb60_top2_weekly_ma200,S1,ending,234,0.0,0.017094017094017096,0.01282051282051282,720000.0,661484.7056107431,826740.6379741168,0.08949236525678439,0.38609232643029107,0.3333333333333333,0.3333333333333333,0.06837606837606838,0.0,0.027741328002031624,3529.688992069122,0.0,-23.869994131408507,317353.5302033416,609418.6075677146,651520.9399934617,956054.3623088119,0.40918151796487456,155.0
S1_ramom_lb120_top2_monthly_none,S1,beginning,234,0.029914529914529916,0.0811965811965812,0.0811965811965812,737001.6770550939,639510.6799982662,1040328.7210465166,0.13804243982195086,0.378814364487867,0.4358974358974359,0.4358974358974359,0.06837606837606838,0.0,0.015369982554346549,1923.4989950172699,0.0,-23.877792161374696,285598.3015587277,567723.3380264393,616615.4403868429,1542987.4801678634,0.41788306286885923,236.0
S1_ramom_lb120_top1_monthly_ma200,S1,beginning,234,0.0,0.01282051282051282,0.004273504273504274,720000.0,643445.0223683795,807311.7180017515,0.10135135135135154,0.44335526969234246,0.32905982905982906,0.32905982905982906,0.08547008547008547,0.0,0.014089441748000472,1811.4643289812564,0.0,-24.011253046645972,299113.6772178378,581123.6601746632,613112.1407951148,857915.9312250519,0.4603634117601898,236.0
S1_mom_lb60_top2_weekly_ma200,S1,beginning,234,0.0,0.029914529914529916,0.017094017094017096,720000.0,655820.8882064321,825226.2529521652,0.08949236525678439,0.3918843646494143,0.33760683760683763,0.33760683760683763,0.07264957264957266,0.0,0.030578457690708327,4037.018940986447,0.0,-24.154775684705527,314274.00258080475,602572.7951515666,649181.977519962,1024055.6622889704,0.41073815491895127,172.0
S1_mom_lb120_top1_monthly_none,S1,beginning,234,0.029914529914529916,0.07264957264957266,0.07692307692307693,743033.853630906,624724.9405508834,1017233.8232588033,0.14441747572815555,0.44034779021257114,0.4358974358974359,0.4358974358974359,0.08547008547008547,0.0,0.0200823373687573,2575.7400362511576,0.0,-24.189237348658224,273159.4755847648,561909.6406011165,607613.8189852359,1542987.4801678634,0.4593750080376988,256.0
S1_ramom_lb120_top1_monthly_ma200,S1,ending,234,0.0,0.01282051282051282,0.004273504273504274,720000.0,648516.0102375344,803513.4498717156,0.1011592388238185,0.4397064327646918,0.33760683760683763,0.33760683760683763,0.0811965811965812,0.0,0.013482988282981135,1669.4881500478027,0.0,-24.19749620430347,306204.5048330364,587658.7122489259,618500.6467613745,852096.2743593178,0.4597016121724212,235.0
S1_ramom_lb120_top2_weekly_none,S1,beginning,234,0.02564102564102564,0.0811965811965812,0.07264957264957266,734161.6904014796,641656.7103944891,1002283.4244661699,0.14213117973814737,0.3935646796455855,0.42735042735042733,0.42735042735042733,0.06837606837606838,0.0,0.02930118295036161,3739.7007929392735,0.0,-24.22252682747973,300446.92885495187,565658.3503412083,624060.3444334135,1529098.1038835968,0.4495985767463341,236.0
S1_ramom_lb60_top2_weekly_ma60,S1,beginning,234,0.0,0.017094017094017096,0.008547008547008548,720000.0,636154.8545343434,789910.6740452824,0.09172049249953307,0.2450421648778428,0.3888888888888889,0.3888888888888889,0.0,0.0,0.03996278209267537,5172.196838679598,0.0,-24.227251407357677,304455.0263359157,605568.2615203998,623740.5631439012,894615.1801997577,0.24504216487784292,195.0
S1_mom_lb60_top1_weekly_ma200,S1,beginning,234,0.0,0.021367521367521368,0.01282051282051282,720000.0,648587.5792642384,830631.4413456979,0.10135135135135143,0.44516274410314927,0.32905982905982906,0.32905982905982906,0.08547008547008547,0.0,0.03704525873795056,4955.790345066043,0.0,-24.240811216545474,309282.28142400883,586016.733915562,632435.3873158116,994194.721477871,0.4622606349183739,195.0
S1_ramom_lb60_top1_weekly_ma200,S1,beginning,234,0.0,0.029914529914529916,0.021367521367521368,720000.0,655754.8328222744,817586.6269430388,0.10135135135135143,0.44664304060114873,0.32905982905982906,0.32905982905982906,0.08547008547008547,0.0,0.04319288222579225,5892.01784739589,0.0,-24.30228745142389,303122.611021357,580244.4911565614,640244.8878097733,1047043.3207754006,0.46305222391056533,215.0
S1_mom_lb120_top2_weekly_none,S1,beginning,234,0.02564102564102564,0.07692307692307693,0.07264957264957266,735369.124719216,645549.6997532325,992451.8858884017,0.14213117973814737,0.3890960037247738,0.43162393162393164,0.43162393162393164,0.06837606837606838,0.0,0.028067629829014007,3502.3712525181136,0.0,-24.32689809295507,297097.1376866195,565658.3503412083,626434.5505880901,1529098.1038835968,0.44651679761370466,236.0
S1_mom_lb60_top2_weekly_ma200,S1,ending,234,0.0,0.021367521367521368,0.01282051282051282,720000.0,659702.4546487449,816779.3724480383,0.08949236525678439,0.38744504463432433,0.34615384615384615,0.34615384615384615,0.06837606837606838,0.0,0.02910193231383883,3722.823979913689,0.0,-24.33231812324453,319559.13580481545,610280.2319564961,653683.8881889735,1009059.2893277399,0.4100517666756287,156.0
S1_ramom_lb120_top2_monthly_none,S1,ending,234,0.021367521367521368,0.0641025641025641,0.07692307692307693,735656.6945492574,644518.8479184117,1018761.3177254667,0.13804243982195075,0.3732504138787727,0.42735042735042733,0.42735042735042733,0.0641025641025641,0.0,0.014113449840198126,1765.6928744605784,0.0,-24.350476891299714,288509.2096420191,576831.5335162934,623468.5168300178,1486864.208496773,0.41617986050802813,215.0
S1_ramom_lb60_top2_weekly_ma60,S1,ending,234,0.0,0.008547008547008548,0.008547008547008548,720000.0,640699.0140207699,787408.3315588018,0.09172049249953296,0.2445133242047861,0.39316239316239315,0.39316239316239315,0.0,0.0,0.03808155702624329,4768.6287114507095,0.0,-24.358011806266003,311337.7413437212,612840.6490423174,629105.6104612454,894558.2677998376,0.24451332420478633,194.0
S1_mom_lb60_top1_weekly_ma200,S1,ending,234,0.0,0.021367521367521368,0.01282051282051282,720000.0,653008.8541930945,822068.8393865882,0.10135135135135143,0.44116935439228366,0.33760683760683763,0.33760683760683763,0.0811965811965812,0.0,0.03536699045057024,4572.325418970926,0.0,-24.41633622597936,315549.4434338696,594713.3364984137,638571.1937418415,967630.1937416027,0.4616225380751926,194.0
S1_ramom_lb60_top1_weekly_ma200,S1,ending,234,0.0,0.021367521367521368,0.017094017094017096,720000.0,659771.0167466566,813812.2691388832,0.10135135135135143,0.4426773746487752,0.33760683760683763,0.33760683760683763,0.0811965811965812,0.0,0.041285628953095746,5436.203003022388,0.0,-24.475522611004614,309380.8381193751,588716.9181139966,646031.8412504453,1029716.4095625002,0.46245207368418584,195.0
S1_mom_lb120_top2_monthly_none,S1,ending,234,0.021367521367521368,0.05982905982905983,0.07264957264957266,736115.0820520789,640248.3827423862,980078.9350613361,0.13804243982195064,0.37011718804277866,0.43162393162393164,0.43162393162393164,0.0641025641025641,0.0,0.015210072067695401,1896.877117305578,0.0,-24.498557649058434,285451.08177245443,569429.5712987115,619617.3457512198,1486864.208496773,0.41319462724359557,215.0
S1_mom_lb60_top1_weekly_ma60,S1,beginning,234,0.0,0.02564102564102564,0.01282051282051282,720000.0,634115.9052328616,788249.4966396001,0.10166632354294758,0.2779416923076923,0.4017094017094017,0.4017094017094017,0.0,0.0,0.04903821540218643,6378.542848049088,0.0,-24.76672368917074,287129.85363434936,558933.289922696,606921.8588775642,914774.1170217523,0.2779416923076925,236.0
S1_mom_lb120_top1_monthly_ma200,S1,ending,234,0.0,0.004273504273504274,0.0,720000.0,647729.1820852432,812714.9212303858,0.10458169703134979,0.4364111704571801,0.3547008547008547,0.3547008547008547,0.0811965811965812,0.0,0.013276322063060524,1685.9782748216448,0.0,-24.793720140394864,308056.2358754775,589020.2235999752,622204.976208672,850367.8892707871,0.45798667160891726,215.0
S1_mom_lb60_top2_monthly_none,S1,beginning,234,0.038461538461538464,0.09401709401709402,0.09829059829059829,729106.6976640495,607412.3355834739,1134172.0303781661,0.15015144958892235,0.3792702614393153,0.47863247863247865,0.47863247863247865,0.06837606837606838,0.0,0.022973729742927353,2861.309265574842,0.0,-24.810256968777473,268472.3099364615,551228.8181359301,591621.7534487878,1537082.62309785,0.3992328732045336,256.0
S1_ramom_lb120_top1_monthly_none,S1,beginning,234,0.029914529914529916,0.07692307692307693,0.0811965811965812,735761.4361634806,637822.9767917157,1030609.9080900372,0.14441747572815544,0.44341183311676047,0.44871794871794873,0.44871794871794873,0.08547008547008547,0.0,0.02190965140267798,2817.0762225041703,0.0,-24.852941969213603,275421.657640928,555236.7881023716,609336.963057794,1542987.4801678634,0.46349496089785436,256.0
S1_mom_lb60_top1_weekly_ma60,S1,ending,234,0.0,0.01282051282051282,0.008547008547008548,720000.0,639151.1101999346,785718.9016786919,0.10166632354294747,0.2774358974358973,0.405982905982906,0.405982905982906,0.0,0.0,0.04690243513056725,5882.5381574422445,0.0,-24.894938536027194,295265.84203762835,570032.8966261275,612125.7810636335,913228.9973324733,0.27743589743589747,215.0
S1_mom_lb120_top1_monthly_none,S1,ending,234,0.021367521367521368,0.05555555555555555,0.07264957264957266,738476.7463087995,629738.4482771971,966287.4426491744,0.14441747572815533,0.4363982909468274,0.43162393162393164,0.43162393162393164,0.0811965811965812,0.0,0.018825804654608883,2367.9556575999054,0.0,-24.89800248722451,276658.41441501305,571493.7181192377,608207.8841671498,1486864.208496773,0.4586347589876083,236.0
S1_mom_lb120_top1_monthly_ma200,S1,beginning,234,0.0,0.004273504273504274,0.0,720000.0,642913.9906337125,815222.8005960877,0.11949685534591187,0.44028723678961074,0.3547008547008547,0.3547008547008547,0.08547008547008547,0.0,0.01388277552807986,1827.9723088863618,0.0,-24.90662228188266,301129.9536576053,582425.7465643747,617331.3407925376,857307.6779654379,0.45871500474380755,236.0
S1_mom_lb120_top1_weekly_ma200,S1,beginning,234,0.0,0.01282051282051282,0.004273504273504274,720000.0,679275.203804532,807691.7318218638,0.10135135135135143,0.4422849883048347,0.358974358974359,0.358974358974359,0.08547008547008547,0.0,0.030685781546168953,3975.1783927392967,0.0,-25.224224991636206,299813.7902047789,572447.5043418085,665840.7757225069,846237.9281466691,0.4599028028360823,215.0
S1_ramom_lb60_top2_monthly_none,S1,beginning,234,0.038461538461538464,0.07692307692307693,0.08974358974358974,727690.9536483127,607017.9083648381,1117115.5097322008,0.15015144958892246,0.37646686332938295,0.49145299145299143,0.49145299145299143,0.06837606837606838,0.0,0.022266470864347816,2769.9099339323366,0.0,-25.290775111354574,268447.17965385155,551354.4625573497,591609.5443176018,1537082.62309785,0.3975292004943969,236.0
S1_ramom_lb120_top2_weekly_none,S1,ending,234,0.017094017094017096,0.0641025641025641,0.06837606837606838,729939.493955117,644269.8471107119,980600.0066740277,0.14153025091378696,0.3821441860572499,0.4358974358974359,0.4358974358974359,0.0641025641025641,0.0,0.02712157781139737,3440.2775132491297,0.0,-25.363092228922543,301022.3714169071,574539.1223632153,628072.6126198834,1482691.018189963,0.4469720876445472,215.0
S1_mom_lb120_top1_weekly_ma200,S1,ending,234,0.0,0.01282051282051282,0.004273504273504274,720000.0,680623.9194387648,800767.4426343344,0.10135135135135143,0.4385055979925302,0.36752136752136755,0.36752136752136755,0.0811965811965812,0.0,0.029157255304458292,3660.7356920143357,0.0,-25.40124742152679,306158.1687500707,580211.944808419,667386.9001693794,844479.0712290277,0.45919711210697534,214.0
S1_mom_lb60_top2_weekly_ma60,S1,ending,234,0.0,0.017094017094017096,0.008547008547008548,720000.0,636818.0422167132,782041.433653879,0.09541772198526971,0.2445133242047861,0.4230769230769231,0.4230769230769231,0.0,0.0,0.03952068833093627,4929.502806634546,0.0,-25.419411666321487,310336.9107215522,613743.0982453191,625932.3381656118,956940.8941207926,0.24451332420478633,194.0
S1_mom_lb60_top2_weekly_ma60,S1,beginning,234,0.0,0.021367521367521368,0.008547008547008548,720000.0,635320.6148262277,782654.509702921,0.09541772198526988,0.2450421648778428,0.4230769230769231,0.4230769230769231,0.0,0.0,0.0414195190833071,5347.148491841822,0.0,-25.438399973845193,303941.4642277896,604566.2477956509,620319.1398082414,960715.4912639139,0.24504216487784292,195.0
S0_mix_510050_510300_510500_512100,S0,beginning,234,0.017094017094017096,0.09401709401709402,0.07692307692307693,739987.0818322864,624180.3623728894,1017261.2352344726,0.15062011997054736,0.4039358285412474,0.4188034188034188,0.4188034188034188,0.10683760683760683,0.008547008547008548,0.003007709599439745,164.74840253876295,0.0,-25.4468224781306,173193.3617486099,389660.98644887836,583597.6827666527,1573885.1615952398,0.5285447905845864,254.0
S1_ramom_lb20_top2_weekly_ma60,S1,ending,234,0.0,0.021367521367521368,0.021367521367521368,720000.0,644728.4075007376,799056.130998175,0.07947801690217149,0.264183184992156,0.4230769230769231,0.4230769230769231,0.0,0.0,0.04638365904151446,5966.668635916808,0.0,-25.48804137342727,291808.2387582894,588375.9392182839,623292.1592760042,950212.6528863333,0.2641831849921562,236.0
S1_mom_lb120_top2_weekly_none,S1,ending,234,0.017094017094017096,0.05982905982905983,0.06837606837606838,730376.9787197257,650042.388220874,944735.6637870077,0.14153025091378701,0.37535073431419325,0.44017094017094016,0.44017094017094016,0.0641025641025641,0.0,0.02591449573418393,3217.435446298764,0.0,-25.488610770925085,298913.96612533636,574539.1223632153,631014.6164537395,1482691.018189963,0.44373928398074014,215.0
S1_ramom_lb20_top1_weekly_ma60,S1,ending,234,0.0,0.02564102564102564,0.03418803418803419,720000.0,634114.9966695589,795340.7394179713,0.08614200743494438,0.27743589743589725,0.4230769230769231,0.4230769230769231,0.0,0.0,0.06235133367240526,7908.886930183186,0.0,-25.647718119736176,287210.84079409065,561935.5682794257,599471.5203727616,1002054.1909246575,0.27743589743589747,256.0
S1_ramom_lb20_top2_weekly_ma60,S1,beginning,234,0.0,0.029914529914529916,0.02564102564102564,720000.0,642534.8472645124,804963.8587895669,0.0790427573556377,0.26469825676266145,0.42735042735042733,0.42735042735042733,0.0,0.0,0.0484230940692499,6474.8308133617475,0.0,-25.65800837327727,282401.18030444876,582002.6588727135,617911.3952274922,969825.6945182593,0.2646982567626617,256.0
S1_ramom_lb60_top1_monthly_none,S1,beginning,234,0.038461538461538464,0.09401709401709402,0.09829059829059829,726018.1948515233,609175.5064967241,1145466.8379881638,0.15015144958892218,0.4452718334784047,0.48717948717948717,0.48717948717948717,0.08547008547008547,0.0,0.02908880471032255,3764.3486668618193,0.0,-25.682803578711148,269156.4226748222,566502.2176984921,589862.2648339048,1567843.7188685844,0.4625255854554803,256.0
S1_ramom_lb120_top1_monthly_none,S1,ending,234,0.021367521367521368,0.0641025641025641,0.07264957264957266,733977.4648458705,638402.8197047312,995186.1875236914,0.14441747572815533,0.43969432804884967,0.452991452991453,0.452991452991453,0.0811965811965812,0.0,0.020653118688529554,2587.0873361640483,0.0,-25.786364624303555,278121.9656939296,564860.949474937,616977.1767952248,1486864.208496773,0.46078854988437534,255.0
S1_ramom_lb120_top1_weekly_ma200,S1,beginning,234,0.0,0.01282051282051282,0.004273504273504274,720000.0,683698.5001855753,807426.4135453512,0.10135135135135143,0.44281004527787476,0.37606837606837606,0.37606837606837606,0.08547008547008547,0.0,0.02856823700838517,3765.58816193961,0.0,-25.801340144548963,297339.036828151,567832.7632698108,663915.0967618215,824749.0394427961,0.45989694843291207,215.0
S1_ramom_lb120_top1_weekly_ma60,S1,beginning,234,0.0,0.008547008547008548,0.004273504273504274,720000.0,644828.9802722211,802230.6925913972,0.09509509509509506,0.2779416923076923,0.4358974358974359,0.4358974358974359,0.0,0.0,0.03294651713355021,4301.73795294841,0.0,-25.802387903065576,266466.821493751,501138.440756648,621692.9164723768,903481.5803895365,0.2779416923076924,172.0
S1_mom_lb60_top1_monthly_none,S1,beginning,234,0.038461538461538464,0.08547008547008547,0.09829059829059829,726018.1948515233,614080.4925548821,1117115.5097322008,0.1444174757281554,0.4443359471246147,0.49145299145299143,0.49145299145299143,0.08547008547008547,0.0,0.027984634401481828,3629.0934508010155,0.0,-25.821334525195386,261007.88245157286,563609.4730070285,594086.8309074737,1537082.62309785,0.4619898335827026,277.0
S1_ramom_lb20_top1_weekly_ma60,S1,beginning,234,0.0,0.03418803418803419,0.03418803418803419,720000.0,628491.7759818662,801687.7401146678,0.08015790458372324,0.2779416923076923,0.42735042735042733,0.42735042735042733,0.0,0.0,0.0649625223467205,8575.062995195673,0.0,-25.823402656051975,277392.72587318905,552123.9140458012,594176.7454953342,1016766.0567891053,0.2830513523564342,277.0
S1_ramom_lb120_top1_weekly_ma200,S1,ending,234,0.0,0.01282051282051282,0.004273504273504274,720000.0,684801.1524312628,803038.6903201598,0.10135135135135143,0.4392189074472719,0.3803418803418803,0.3803418803418803,0.0811965811965812,0.0,0.02712749806858444,3470.4267881446376,0.0,-25.829667797885996,303944.88516647305,575842.9773323617,666126.828825488,822379.2555999625,0.459201346242049,214.0
S1_ramom_lb60_top1_weekly_ma60,S1,ending,234,0.0,0.021367521367521368,0.021367521367521368,720000.0,642375.2285170795,783555.0690920263,0.10166632354294763,0.27743589743589736,0.43162393162393164,0.43162393162393164,0.0,0.0,0.05121234196613928,6566.990960454006,0.0,-25.835473501818814,302293.05610328156,593974.0556845996,628405.0617885316,969889.272729195,0.2774358974358976,236.0
S1_mom_lb20_top2_weekly_none,S1,beginning,234,0.017094017094017096,0.08974358974358974,0.09401709401709402,726389.5589253213,633056.4568919082,1143137.6255138607,0.1196862436254551,0.2646982567626616,0.47863247863247865,0.47863247863247865,0.0,0.0,0.07662384844672064,10214.379971292683,0.0,-25.84878117357156,260344.99182024022,486216.4965024008,608471.5546149987,1466668.3503596769,0.2877492832863907,172.0
S1_ramom_lb20_top1_weekly_none,S1,beginning,234,0.021367521367521368,0.08974358974358974,0.10683760683760683,726195.1907379944,620596.0600977505,1240953.44483351,0.12109234638878913,0.27794169230769233,0.48717948717948717,0.48717948717948717,0.0,0.0,0.08952258008942611,12076.576277086455,0.0,-25.85491570184889,265018.4517368909,492725.87136520696,606453.1045800418,1499702.515267299,0.30548234288340625,277.0
S1_ramom_lb60_top1_weekly_ma60,S1,beginning,234,0.0,0.02564102564102564,0.02564102564102564,720000.0,638376.9817587793,784990.8683627673,0.10166632354294763,0.27794169230769217,0.43162393162393164,0.43162393162393164,0.0,0.0,0.0534887436090057,7119.175269038522,0.0,-25.858237518247478,294784.45847887633,585505.413825835,626829.9125151865,973388.9255779875,0.2779416923076924,256.0
S0_dca_510050,S0,beginning,234,0.017094017094017096,0.08974358974358974,0.06837606837606838,738056.3280322324,620376.5541731995,989342.5004473736,0.15013315579227737,0.4075501042127711,0.43162393162393164,0.43162393162393164,0.10683760683760683,0.008547008547008548,0.002057846253348526,21.0,0.0,-25.938293435940988,173193.3617486099,389660.98644887836,592684.5684900066,1573885.1615952398,0.5285447905845864,254.0
S1_mom_lb20_top2_weekly_ma60,S1,ending,234,0.0,0.021367521367521368,0.01282051282051282,720000.0,653065.9599635229,770011.5613915683,0.07947801690217138,0.2641831849921561,0.4358974358974359,0.4358974358974359,0.0,0.0,0.04730497002827483,6061.128428276573,0.0,-25.94597243201282,297730.4241226668,587660.1438738975,628876.0901204543,950716.7454120484,0.2641831849921562,215.0
S0_mix_510050_510300_510500_512100,S0,ending,234,0.01282051282051282,0.07264957264957266,0.07264957264957266,737072.2751492374,624761.5186946422,1002252.4640547337,0.1506201199705473,0.3982079497427151,0.42735042735042733,0.42735042735042733,0.09829059829059829,0.004273504273504274,0.000910343872104324,132.0916760041554,0.0,-25.953502269436893,193948.64629592097,387737.0341105955,589877.129861882,1500839.6968893586,0.5022092552120679,252.0
S1_ramom_lb120_top1_weekly_ma60,S1,ending,234,0.0,0.008547008547008548,0.004273504273504274,720000.0,649446.101421008,799491.2840275778,0.10058023893877532,0.27743589743589736,0.4444444444444444,0.4444444444444444,0.0,0.0,0.031417712094728836,3968.5034110426873,0.0,-26.086245151822656,277297.96856129676,512124.27773837594,628373.6240554403,886935.0958601732,0.2774358974358976,171.0
S1_mom_lb20_top2_weekly_ma60,S1,beginning,234,0.0,0.029914529914529916,0.021367521367521368,720000.0,648128.7042036816,770192.432950171,0.0790427573556377,0.2646982567626615,0.44017094017094016,0.44017094017094016,0.0,0.0,0.04941507798403905,6575.054635120164,0.0,-26.11664616114311,289423.3504951782,579364.6095822937,623407.8200290645,966657.5458207214,0.2646982567626617,236.0
S1_ramom_lb20_top2_weekly_none,S1,beginning,234,0.017094017094017096,0.08974358974358974,0.08974358974358974,726051.2404619042,620285.424591019,1166669.4099763725,0.12073782673974076,0.26469825676266157,0.49145299145299143,0.49145299145299143,0.0,0.0,0.075786975847613,10163.492162708231,0.0,-26.298447635794282,260344.99182024022,488507.87817889254,602635.1383734134,1466668.3503596769,0.2887539190508732,236.0
S1_mom_lb60_top2_monthly_none,S1,ending,234,0.02564102564102564,0.07692307692307693,0.08974358974358974,725141.1915876411,615124.0008570978,1107584.7945674506,0.14740974186963324,0.37457480558468415,0.48717948717948717,0.48717948717948717,0.0641025641025641,0.0,0.021708166560119875,2633.225050782571,0.0,-26.38103431263918,274206.12215368566,555334.4558953196,601286.1879771799,1478281.5223510037,0.39851853890758704,215.0
S0_dca_510050,S0,ending,234,0.01282051282051282,0.07692307692307693,0.06837606837606838,733158.882933849,624731.5526709608,957699.2993491216,0.15013315579227737,0.4009291003729895,0.44017094017094016,0.44017094017094016,0.09829059829059829,0.004273504273504274,0.0,0.0,0.0,-26.49958715141436,193948.64629592097,387737.0341105955,601184.5639591066,1500839.6968893586,0.5022092552120679,252.0
S1_mom_lb20_top1_weekly_ma60,S1,ending,234,0.0,0.02564102564102564,0.02564102564102564,720000.0,630841.8550913446,766570.7569952823,0.09266409266409276,0.27743589743589736,0.44871794871794873,0.44871794871794873,0.0,0.0,0.05894157923957321,7358.627427493197,0.0,-26.511056472843755,294956.1321662575,568022.9029849964,609810.9148625244,973654.7586565407,0.27743589743589747,236.0
S1_mom_lb20_top1_weekly_ma60,S1,beginning,234,0.0,0.029914529914529916,0.03418803418803419,720000.0,625072.1472932117,767612.4589268477,0.09266409266409281,0.2779416923076923,0.44871794871794873,0.44871794871794873,0.0,0.0,0.061430202590347295,7974.7503878417165,0.0,-26.535942706351495,286709.03340205475,558193.3815395292,601686.5426029034,986370.5370113056,0.2779416923076924,256.0
S1_ramom_lb20_top2_monthly_none,S1,beginning,234,0.017094017094017096,0.09829059829059829,0.0811965811965812,718472.6884353097,618164.8117487325,1126131.3650134176,0.14219939368361917,0.3016104698024056,0.5042735042735043,0.5042735042735043,0.0,0.0,0.03517233268077021,4658.189247741304,0.0,-26.55087712497305,273408.9244621055,550453.5210008606,604932.1759143333,1554513.4226444482,0.3464685909002915,217.0
S1_mom_lb120_top1_weekly_none,S1,beginning,234,0.02564102564102564,0.07692307692307693,0.07264957264957266,726731.6575108648,636114.5600383048,1003468.512783331,0.14441747572815533,0.442339062534869,0.47435897435897434,0.47435897435897434,0.08547008547008547,0.0,0.03840858872573849,4860.752866241775,0.0,-26.58969027684615,300561.4404356273,566668.1681936627,614834.8635734521,1529098.1038835968,0.4595689197069578,236.0
S1_ramom_lb60_top2_monthly_none,S1,ending,234,0.02564102564102564,0.0641025641025641,0.0811965811965812,725769.6533490038,615469.6799580586,1064725.5098050206,0.15015144958892224,0.3717176852897495,0.49572649572649574,0.49572649572649574,0.0641025641025641,0.0,0.021000907681540334,2549.901914490838,0.0,-26.65578102938965,274206.12215368566,555446.2926246454,601336.7350396315,1478281.5223510037,0.39675006118836875,195.0
S1_ramom_lb20_top2_weekly_none,S1,ending,234,0.01282051282051282,0.0811965811965812,0.0811965811965812,726388.0378486607,624481.5100999469,1138628.9477486268,0.1207378267397407,0.26418318499215604,0.49145299145299143,0.49145299145299143,0.0,0.0,0.07201627274478455,9331.154364992824,0.0,-26.67881567313041,272133.5112968574,499834.5481617179,606054.8539383017,1428112.9620354031,0.2868612590301025,215.0
S1_mom_lb20_top2_monthly_none,S1,beginning,234,0.017094017094017096,0.09829059829059829,0.0811965811965812,717977.9213276813,618164.8117487325,1105491.8539212414,0.1418151727424935,0.3010089686098655,0.5085470085470085,0.5085470085470085,0.0,0.0,0.0358925970804443,4767.866772229188,0.0,-26.721429909361312,273408.9244621055,550453.5210008606,606455.2070483012,1557020.7063427975,0.34555466305031834,217.0
S1_ramom_lb20_top1_weekly_none,S1,ending,234,0.01282051282051282,0.08547008547008547,0.09829059829059829,722852.6093861747,623946.1597526598,1183442.9339118418,0.12108192352026798,0.27743589743589736,0.48717948717948717,0.48717948717948717,0.0,0.0,0.08524117311511774,11096.726986503985,0.0,-26.759072383776225,276097.1282919261,504619.07092742564,605008.7419360429,1442165.486432112,0.30372653396387606,256.0
S1_mom_lb20_top1_weekly_none,S1,ending,234,0.017094017094017096,0.08547008547008547,0.09829059829059829,717745.9779874347,631146.4050706889,1192247.1770197377,0.12108192352026798,0.27743589743589736,0.5042735042735043,0.5042735042735043,0.0,0.0,0.08039366610082191,10254.300664092389,0.0,-27.023330009790286,276097.1282919261,495966.72081506485,599537.8309435922,1428161.0724204837,0.3026832162420292,156.0
S1_mom_lb20_top1_weekly_none,S1,beginning,234,0.021367521367521368,0.08974358974358974,0.10683760683760683,716090.3907007168,629254.48896726,1247091.4417062018,0.12109234638878918,0.2779416923076923,0.5170940170940171,0.5170940170940171,0.0,0.0,0.08448252239013085,11155.577124219939,0.0,-27.131772341202456,264850.3633946877,483247.70080722123,598971.370984753,1468390.860543345,0.3043549771852777,172.0
S1_mom_lb60_top1_monthly_none,S1,ending,234,0.02564102564102564,0.07692307692307693,0.08974358974358974,723986.2900578035,621881.7566646414,1077393.7415634284,0.14441747572815533,0.44013665283340514,0.49572649572649574,0.49572649572649574,0.0811965811965812,0.0,0.026719071218674353,3345.0330266173496,0.0,-27.18951762750446,264189.0317340458,572355.4391595777,597978.5615280205,1485538.49480859,0.4613698929345563,256.0
S1_mom_lb20_top2_weekly_none,S1,ending,234,0.01282051282051282,0.0811965811965812,0.0811965811965812,719374.9158726959,635898.3842433981,1116316.6892070712,0.1196862436254551,0.2641831849921561,0.5042735042735043,0.5042735042735043,0.0,0.0,0.07279986060382403,9381.100499662274,0.0,-27.32940343845849,272133.5112968574,497780.40723806096,614485.2621762403,1428112.9620354031,0.28586666389402915,156.0
S1_ramom_lb120_top1_weekly_none,S1,beginning,234,0.02564102564102564,0.07692307692307693,0.07264957264957266,721015.7415505317,633769.6531882116,997095.3163615282,0.15015144958892257,0.44286183812210667,0.49145299145299143,0.49145299145299143,0.08547008547008547,0.0,0.039038205407726796,5050.240276612329,0.0,-27.35220364334913,300561.4404356273,569519.933881239,620227.3674808124,1529098.1038835968,0.45956772120913514,236.0
S1_ramom_lb60_top1_monthly_none,S1,ending,234,0.02564102564102564,0.07692307692307693,0.08974358974358974,722366.9092712132,617460.3109419463,1122591.2317559307,0.14441747572815544,0.44114023122923185,0.5,0.5,0.0811965811965812,0.0,0.02782324152751507,3467.388695040666,0.0,-27.394917208670204,272400.13048898237,573562.6804401337,596284.1152078789,1521653.465039897,0.4619136725907891,255.0
S1_mom_lb120_top1_weekly_none,S1,ending,234,0.017094017094017096,0.0641025641025641,0.06837606837606838,723871.1426049839,642200.4700710993,976759.772280493,0.14441747572815522,0.4385055979925302,0.4829059829059829,0.4829059829059829,0.0811965811965812,0.0,0.03596605149308527,4468.117161548934,0.0,-27.691151518313767,302566.04392846266,575677.0665487605,619693.3262993463,1482691.018189963,0.458885370960194,235.0
S1_ramom_lb20_top2_monthly_none,S1,ending,234,0.008547008547008548,0.08547008547008547,0.07692307692307693,712460.2498759874,624464.4383543206,1095250.0035934194,0.14005713909826545,0.3010089686098655,0.5085470085470085,0.5085470085470085,0.0,0.0,0.03382772014704595,4281.642695665408,0.0,-27.70977594266137,284504.2348107615,559890.727592003,611599.0032780815,1514508.8494433488,0.3448015131080119,196.0
S1_mom_lb20_top2_monthly_none,S1,ending,234,0.008547008547008548,0.08547008547008547,0.07692307692307693,713202.6156405816,623273.8758107219,1077479.6562389422,0.1399346000207929,0.3010089686098654,0.5128205128205128,0.5128205128205128,0.0,0.0,0.03454798454672005,4382.530440530044,0.0,-27.84572258593351,284504.2348107615,559890.727592003,614231.3642276572,1516912.7123232947,0.3438363163657183,196.0
S1_ramom_lb120_top1_weekly_none,S1,ending,234,0.017094017094017096,0.0641025641025641,0.06837606837606838,722308.5131185609,639597.0862443063,957893.5968277548,0.15015144958892246,0.4392189074472719,0.48717948717948717,0.48717948717948717,0.0811965811965812,0.0,0.03656013240284382,4640.894408173518,0.0,-27.88988588908513,302743.9035374018,578315.2546113846,623117.9414763375,1482691.018189963,0.45889436119103577,235.0
S1_ramom_lb60_top2_weekly_none,S1,beginning,234,0.017094017094017096,0.0811965811965812,0.0811965811965812,717753.2316231118,633054.983449437,1097082.455442727,0.13864581011407517,0.3906362386329591,0.5,0.5,0.07264957264957266,0.0,0.05289252937294477,6768.380120846753,0.0,-28.414783187557255,286917.32376593497,555974.5641456473,617503.9961111508,1367736.0959518233,0.4100036600714271,217.0
S1_mom_lb20_top1_monthly_none,S1,beginning,234,0.017094017094017096,0.09829059829059829,0.0811965811965812,700585.1225799839,609634.1504236982,1128967.773440024,0.14441747572815544,0.33451798036369046,0.5299145299145299,0.5299145299145299,0.042735042735042736,0.0,0.04185614650169383,5516.5827346004435,0.0,-29.08776358087374,273408.9244621055,546848.3291758645,595912.7605179852,1523137.4327930163,0.3797538305295146,217.0
S1_ramom_lb20_top1_monthly_none,S1,beginning,234,0.017094017094017096,0.08974358974358974,0.07692307692307693,699321.5511349207,610944.2928106497,1094464.6296369869,0.14441747572815533,0.3323022791740902,0.5299145299145299,0.5299145299145299,0.042735042735042736,0.0,0.04197884870581546,5559.6806925964465,0.0,-29.125095060788773,273408.9244621055,540610.1806902798,596601.4338292121,1516016.5186393738,0.37843260960724356,217.0
S1_mom_lb60_top2_weekly_none,S1,beginning,234,0.017094017094017096,0.09401709401709402,0.08547008547008547,709959.4541180213,635897.9322999975,1151324.1162774847,0.13864581011407506,0.3919610871979386,0.5256410256410257,0.5256410256410257,0.07264957264957266,0.0,0.05446354891806328,6993.969650198066,0.0,-29.546288478402467,286917.32376593497,545564.7607833621,616338.5270295221,1371884.6383699442,0.41083454991232915,217.0
S1_ramom_lb60_top2_weekly_none,S1,ending,234,0.01282051282051282,0.07692307692307693,0.07692307692307693,709002.114718292,639554.3752727605,1078001.4662872911,0.13850983554580337,0.38609232643029107,0.5170940170940171,0.5170940170940171,0.06837606837606838,0.0,0.04981708742216647,6220.4607178801925,0.0,-29.548178431282505,294267.4822375245,563216.7591691833,622943.6054889461,1336616.1001922586,0.4092979968499848,196.0
S1_ramom_lb20_top1_monthly_none,S1,ending,234,0.008547008547008548,0.07692307692307693,0.07264957264957266,701227.2205886696,616468.4299381104,1071267.106855241,0.1444174757281554,0.32105160411603845,0.5299145299145299,0.5299145299145299,0.038461538461538464,0.0,0.0406342361720912,5119.243357814239,0.0,-29.80508578508366,284504.2348107615,551775.7701097619,603943.3706985025,1465634.0431408095,0.37691848666849537,196.0
S1_mom_lb20_top1_monthly_none,S1,ending,234,0.008547008547008548,0.0811965811965812,0.07692307692307693,699895.4692926025,615794.2897989531,1100513.4614353674,0.14441747572815533,0.32324735452512954,0.5299145299145299,0.5299145299145299,0.038461538461538464,0.0,0.04051153396796957,5077.865782547223,0.0,-29.84187832283496,284504.2348107615,556460.6803302041,601678.7543133755,1478398.311571293,0.37829330529900285,196.0
S1_mom_lb60_top2_weekly_none,S1,ending,234,0.01282051282051282,0.07692307692307693,0.07692307692307693,711778.2608326629,643021.2566376345,1123470.7120572103,0.13719476263451724,0.38744504463432433,0.5341880341880342,0.5341880341880342,0.06837606837606838,0.0,0.05137922190416381,6427.775297994896,0.0,-30.083931928648244,294654.29242847464,554448.8267189668,623770.9399933363,1342985.9269900855,0.4101634473079514,196.0
S1_ramom_lb60_top1_weekly_none,S1,beginning,234,0.017094017094017096,0.08974358974358974,0.08974358974358974,704442.2481953639,635749.9138330728,1144435.9826144131,0.14010830307862288,0.44669114430368256,0.5256410256410257,0.5256410256410257,0.08547008547008547,0.0,0.06943263391606086,9122.836001850632,0.0,-30.172522331739764,280628.71320979693,545235.6630371354,617672.1378075315,1385898.2035001281,0.4628040077445865,257.0
S1_mom_lb60_top1_weekly_none,S1,beginning,234,0.017094017094017096,0.0811965811965812,0.0811965811965812,704086.2879067428,628967.6933892954,1100676.4436828773,0.13803032551119887,0.44521366758922026,0.5384615384615384,0.5384615384615384,0.08547008547008547,0.0,0.0637005229772351,8218.632546847512,0.0,-30.574027884867593,280937.0447604864,535836.7817834973,606004.4600681167,1367736.0959518233,0.4620102306275641,257.0
S1_ramom_lb60_top1_weekly_none,S1,ending,234,0.01282051282051282,0.07692307692307693,0.07692307692307693,705250.5957264475,641838.72691942,1118323.5682478803,0.13540560435571525,0.4426773746487752,0.5299145299145299,0.5299145299145299,0.0811965811965812,0.0,0.0658650200263271,8395.193467100262,0.0,-30.583994818971657,289174.7193794028,553510.9270369894,624417.3949048652,1357773.1926118105,0.4622344608768355,256.0
S1_mom_lb60_top1_weekly_none,S1,ending,234,0.01282051282051282,0.07692307692307693,0.07692307692307693,705101.0043528606,633238.0476195891,1077820.7420873935,0.13803032551119865,0.44116935439228366,0.5427350427350427,0.5427350427350427,0.0811965811965812,0.0,0.060343730269953225,7560.155560596894,0.0,-30.98174253909265,289444.76854905754,545836.1957498011,614487.393194489,1336616.1001922586,0.46140448169306103,256.0
